-- 测试数据 Seed SQL (最终版)
-- 执行：psql postgresql://postgres:admin123@localhost:5432/project_management -f seed-final.sql

INSERT INTO "roles" ("id", "role_code", "role_name", "description", "is_system", "is_active", "created_at", "updated_at") VALUES
  ('10618f19-acb5-4b14-b717-675b73cbb086', 'ROLE001', '系统管理员', '角色描述1', TRUE, TRUE, '2025-08-01T20:46:18.704Z', '2024-09-06T21:08:20.567Z'),
  ('72758fda-6ae9-4698-bfab-a97532abe8d8', 'ROLE002', '项目经理', '角色描述2', FALSE, TRUE, '2025-09-28T05:39:52.248Z', '2025-04-13T13:09:58.769Z'),
  ('e5b2a83c-1c42-4178-b658-d1cd30d3c839', 'ROLE003', '开发工程师', '角色描述3', FALSE, TRUE, '2025-06-07T13:49:28.788Z', '2024-01-03T16:42:19.526Z'),
  ('1ecdfdf4-8925-4050-8da2-4d242328fec9', 'ROLE004', '测试工程师', '角色描述4', FALSE, TRUE, '2024-12-08T11:40:25.543Z', '2024-07-29T15:06:30.670Z'),
  ('4413593a-317b-479c-a378-57f55c655568', 'ROLE005', '普通用户', '角色描述5', FALSE, TRUE, '2024-10-15T16:32:59.526Z', '2024-10-01T14:49:09.334Z')
ON CONFLICT (id) DO NOTHING;

INSERT INTO "system_settings" ("id", "key", "value", "description", "created_at", "updated_at") VALUES
  ('ffe8c5b6-0e1e-4de4-851a-86e9e8c3b671', 'database_url', 'postgresql://***', '数据库连接地址', '2024-09-23T03:20:29.015Z', '2024-04-25T16:59:40.173Z'),
  ('a8e39690-6963-46dd-a334-bd9855f92932', 'session_timeout', '1800', '会话超时时间 (秒)', '2024-09-24T16:02:01.979Z', '2024-05-28T00:08:25.173Z'),
  ('557d9301-17c0-48f4-817a-28dc37a3a5b0', 'max_login_attempts', '5', '最大登录尝试次数', '2025-04-24T23:48:18.754Z', '2024-05-20T03:22:26.790Z'),
  ('12ea7227-cc3c-4f9c-af38-9df422c10275', 'password_expiry_days', '90', '密码过期天数', '2024-06-27T20:44:30.788Z', '2024-09-22T18:42:15.881Z'),
  ('d098c16c-6ab7-4489-acba-bc3d66eb8bff', 'file_upload_max_size', '52428800', '文件上传最大大小 (字节)', '2025-09-07T15:49:57.871Z', '2024-03-30T22:38:30.080Z')
ON CONFLICT (id) DO NOTHING;

INSERT INTO "departments" ("id", "department_code", "department_name", "description", "status", "created_at", "updated_at") VALUES
  ('8a1e2db4-fab4-4265-877e-caa8373c4988', 'RD001', '研发部', '负责产品研发', 'active', '2025-02-20T05:51:31.232Z', '2024-03-24T02:27:12.189Z'),
  ('0c9f1df6-83ba-4dce-a994-dff1bd63560f', 'MK002', '市场部', '负责市场开拓', 'active', '2024-02-12T06:24:37.106Z', '2024-01-15T10:04:20.583Z'),
  ('c6270ce4-4d20-471c-bc9d-8cd5987f22ef', 'SL003', '销售部', '负责产品销售', 'active', '2024-11-30T09:19:16.665Z', '2025-06-04T08:26:08.153Z'),
  ('100eee22-d834-4890-a5b4-b2da98ccdb78', 'CS004', '客服部', '负责客户服务', 'active', '2025-06-21T14:58:48.809Z', '2024-07-12T10:07:55.240Z'),
  ('601ad16d-5c6c-4f95-aee3-3c7ea9ebaf88', 'HR005', '人事部', '负责人事管理', 'active', '2025-03-14T15:45:41.140Z', '2024-12-23T01:46:05.418Z')
ON CONFLICT (id) DO NOTHING;

INSERT INTO "users" ("id", "username", "email", "password", "full_name", "role", "department_id", "is_active", "is_first_login", "approval_status", "mac_address", "last_login_time", "login_duration", "login_device", "login_ip", "employee_number", "phone", "created_at", "updated_at") VALUES
  ('a30946c4-4bff-4174-9c70-6641eeaf7676', 'user1', 'user1@company.com', '$2b$10$dummy.hash', '张三', 'project_management', 'c6270ce4-4d20-471c-bc9d-8cd5987f22ef', TRUE, FALSE, 'approved', '00:11:22:33:00:AA', '2025-07-15T14:27:38.267Z', '1023', 'Chrome', '192.168.1.1', 'EMP00001', '13810000000', '2025-12-13T09:29:29.742Z', '2024-08-16T11:52:31.972Z'),
  ('6aebb53a-614e-4341-9282-17f21abac93b', 'user2', 'user2@company.com', '$2b$10$dummy.hash', '李四', 'visual_engineer', '8a1e2db4-fab4-4265-877e-caa8373c4988', TRUE, FALSE, 'approved', '00:11:22:33:01:AA', '2024-12-13T04:00:53.367Z', '1064', 'Chrome', '192.168.1.2', 'EMP00002', '13810000001', '2024-03-06T21:36:18.322Z', '2025-12-12T15:12:35.721Z'),
  ('3a51a3d4-62dc-42e3-9bcb-8653a10e6fbd', 'user3', 'user3@company.com', '$2b$10$dummy.hash', '王五', 'system_admin', '601ad16d-5c6c-4f95-aee3-3c7ea9ebaf88', TRUE, FALSE, 'approved', '00:11:22:33:02:AA', '2024-08-22T23:29:27.386Z', '19132', 'Chrome', '192.168.1.3', 'EMP00003', '13810000002', '2024-03-29T07:18:16.462Z', '2025-10-12T21:32:34.755Z'),
  ('aab46720-889b-4e9d-b965-c92c58bd5a32', 'user4', 'user4@company.com', '$2b$10$dummy.hash', '赵六', 'system_admin', '8a1e2db4-fab4-4265-877e-caa8373c4988', TRUE, FALSE, 'approved', '00:11:22:33:03:AA', '2024-02-08T00:48:51.950Z', '18367', 'Chrome', '192.168.1.4', 'EMP00004', '13810000003', '2024-01-15T16:38:01.388Z', '2025-07-02T23:23:43.588Z'),
  ('df3fe545-cb97-4680-8b18-d1655b900af2', 'user5', 'user5@company.com', '$2b$10$dummy.hash', '钱七', 'system_admin', '0c9f1df6-83ba-4dce-a994-dff1bd63560f', TRUE, FALSE, 'approved', '00:11:22:33:04:AA', '2025-08-23T10:59:42.121Z', '9239', 'Chrome', '192.168.1.5', 'EMP00005', '13810000004', '2025-03-27T22:29:30.747Z', '2025-04-05T15:02:09.602Z'),
  ('a3913933-6b7b-4f84-96cd-2f79ea8fae17', 'user6', 'user6@company.com', '$2b$10$dummy.hash', '孙八', 'software_engineer', '8a1e2db4-fab4-4265-877e-caa8373c4988', TRUE, FALSE, 'approved', '00:11:22:33:05:AA', '2025-03-27T03:43:27.340Z', '21449', 'Chrome', '192.168.1.6', 'EMP00006', '13810000005', '2024-05-16T09:26:15.287Z', '2025-10-19T01:24:46.485Z'),
  ('d820cb9c-1607-4859-b04e-d5671e7fd6fa', 'user7', 'user7@company.com', '$2b$10$dummy.hash', '周九', 'software_engineer', 'c6270ce4-4d20-471c-bc9d-8cd5987f22ef', TRUE, FALSE, 'approved', '00:11:22:33:06:AA', '2025-04-30T19:13:01.974Z', '20060', 'Chrome', '192.168.1.7', 'EMP00007', '13810000006', '2025-07-18T11:38:47.235Z', '2024-03-30T01:49:14.162Z'),
  ('2cf5c567-76a2-485e-b129-e4d81f0a62cc', 'user8', 'user8@company.com', '$2b$10$dummy.hash', '吴十', 'system_admin', '8a1e2db4-fab4-4265-877e-caa8373c4988', TRUE, FALSE, 'approved', '00:11:22:33:07:AA', '2025-12-09T08:09:22.798Z', '11127', 'Chrome', '192.168.1.8', 'EMP00008', '13810000007', '2024-03-19T06:48:19.820Z', '2024-10-06T19:12:00.618Z'),
  ('9068539f-c76c-4c50-9f9d-feeba3598d08', 'user9', 'user9@company.com', '$2b$10$dummy.hash', '郑一', 'visual_engineer', '601ad16d-5c6c-4f95-aee3-3c7ea9ebaf88', TRUE, FALSE, 'approved', '00:11:22:33:08:AA', '2025-11-08T23:17:10.465Z', '15915', 'Chrome', '192.168.1.9', 'EMP00009', '13810000008', '2024-07-24T20:31:28.229Z', '2025-11-16T22:12:58.512Z'),
  ('6d02896d-65e5-4212-914c-caed5b4204f3', 'user10', 'user10@company.com', '$2b$10$dummy.hash', '王菲', 'mechanical_engineer', '100eee22-d834-4890-a5b4-b2da98ccdb78', TRUE, FALSE, 'approved', '00:11:22:33:09:AA', '2024-08-20T07:19:22.581Z', '3450', 'Chrome', '192.168.1.10', 'EMP00010', '13810000009', '2024-12-20T05:05:14.854Z', '2025-04-04T17:10:18.138Z'),
  ('29c4b908-8198-4189-afbe-f47c0682f3ec', 'user11', 'user11@company.com', '$2b$10$dummy.hash', '马云', 'quality_management', '100eee22-d834-4890-a5b4-b2da98ccdb78', TRUE, FALSE, 'approved', '00:11:22:33:10:AA', '2025-10-23T21:36:33.088Z', '14844', 'Chrome', '192.168.1.11', 'EMP00011', '13810000010', '2025-07-20T01:20:09.504Z', '2024-03-29T12:18:12.281Z'),
  ('57a0ece9-99f0-4bca-9cd2-e17f8b4f861e', 'user12', 'user12@company.com', '$2b$10$dummy.hash', '雷军', 'visual_engineer', '8a1e2db4-fab4-4265-877e-caa8373c4988', TRUE, FALSE, 'approved', '00:11:22:33:11:AA', '2024-11-14T08:28:56.676Z', '6212', 'Chrome', '192.168.1.12', 'EMP00012', '13810000011', '2025-05-17T20:41:39.744Z', '2025-08-05T09:33:36.275Z'),
  ('7738499f-1437-4c6d-9122-5e8b97c66fdf', 'user13', 'user13@company.com', '$2b$10$dummy.hash', '马化腾', 'electrical_engineer', '100eee22-d834-4890-a5b4-b2da98ccdb78', TRUE, FALSE, 'approved', '00:11:22:33:12:AA', '2025-04-22T07:35:31.527Z', '10071', 'Chrome', '192.168.1.13', 'EMP00013', '13810000012', '2024-04-08T03:01:34.436Z', '2024-03-29T20:33:34.275Z'),
  ('dc6a3f91-a503-4d0d-87e8-c384f6cd25be', 'user14', 'user14@company.com', '$2b$10$dummy.hash', '李彦宏', 'mechanical_engineer', '601ad16d-5c6c-4f95-aee3-3c7ea9ebaf88', TRUE, FALSE, 'approved', '00:11:22:33:13:AA', '2025-10-30T08:24:34.347Z', '22186', 'Chrome', '192.168.1.14', 'EMP00014', '13810000013', '2025-04-18T00:44:38.242Z', '2024-03-29T21:27:28.144Z'),
  ('7bfe98fe-4c99-46d9-a347-1da2ec69a19b', 'user15', 'user15@company.com', '$2b$10$dummy.hash', '刘强东', 'software_engineer', '100eee22-d834-4890-a5b4-b2da98ccdb78', TRUE, FALSE, 'approved', '00:11:22:33:14:AA', '2025-01-25T18:45:15.560Z', '27046', 'Chrome', '192.168.1.15', 'EMP00015', '13810000014', '2024-07-30T04:14:51.306Z', '2025-03-23T00:13:48.240Z'),
  ('fa7616ea-9dba-438d-bfde-7c3529bd1a0b', 'user16', 'user16@company.com', '$2b$10$dummy.hash', '张一鸣', 'electrical_engineer', '601ad16d-5c6c-4f95-aee3-3c7ea9ebaf88', TRUE, FALSE, 'approved', '00:11:22:33:15:AA', '2025-10-27T15:24:28.253Z', '11613', 'Chrome', '192.168.1.16', 'EMP00016', '13810000015', '2025-10-15T14:18:55.102Z', '2025-04-22T16:07:53.741Z'),
  ('78b78618-506e-405d-b1f4-4f5bcf2a9fa3', 'user17', 'user17@company.com', '$2b$10$dummy.hash', '黄峥', 'quality_management', '100eee22-d834-4890-a5b4-b2da98ccdb78', TRUE, FALSE, 'approved', '00:11:22:33:16:AA', '2024-11-08T21:26:07.036Z', '19971', 'Chrome', '192.168.1.17', 'EMP00017', '13810000016', '2025-05-11T04:41:38.460Z', '2024-04-22T19:17:07.624Z'),
  ('faaebc1c-7aed-43d6-b06f-9bc3e5a74ac9', 'user18', 'user18@company.com', '$2b$10$dummy.hash', '宿华', 'quality_management', '0c9f1df6-83ba-4dce-a994-dff1bd63560f', TRUE, FALSE, 'approved', '00:11:22:33:17:AA', '2024-01-24T00:48:15.343Z', '23040', 'Chrome', '192.168.1.18', 'EMP00018', '13810000017', '2024-09-22T03:02:27.160Z', '2024-11-19T07:21:29.533Z'),
  ('e16c695c-d799-4e58-8b46-8ec748006c06', 'user19', 'user19@company.com', '$2b$10$dummy.hash', '程维', 'mechanical_engineer', '0c9f1df6-83ba-4dce-a994-dff1bd63560f', TRUE, FALSE, 'approved', '00:11:22:33:18:AA', '2024-05-05T18:52:23.978Z', '27871', 'Chrome', '192.168.1.19', 'EMP00019', '13810000018', '2024-02-02T16:19:11.748Z', '2025-05-01T02:05:40.082Z'),
  ('34c1d54c-beab-46cd-8dc1-2cbc32eb8c60', 'user20', 'user20@company.com', '$2b$10$dummy.hash', '王小川', 'electrical_engineer', '8a1e2db4-fab4-4265-877e-caa8373c4988', TRUE, FALSE, 'approved', '00:11:22:33:19:AA', '2025-02-20T15:12:05.415Z', '28180', 'Chrome', '192.168.1.20', 'EMP00020', '13810000019', '2024-01-30T01:43:17.817Z', '2024-02-11T15:27:26.390Z')
ON CONFLICT (id) DO NOTHING;

INSERT INTO "user_permissions" ("id", "user_id", "resource", "permission", "created_at", "updated_at") VALUES
  ('28849603-11d4-4e22-94cb-c38aec1e0d7e', '78b78618-506e-405d-b1f4-4f5bcf2a9fa3', 'projects', 'view', '2024-06-05T15:29:14.195Z', '2024-02-16T13:27:09.992Z'),
  ('e7bb9536-0358-429d-be80-8ed288e9dd08', '7bfe98fe-4c99-46d9-a347-1da2ec69a19b', 'orders', 'view', '2024-12-12T21:30:08.234Z', '2025-07-04T21:51:19.926Z'),
  ('4ec4f099-ff78-48f6-8a85-29d3f4a6d1db', 'a30946c4-4bff-4174-9c70-6641eeaf7676', 'contracts', 'delete', '2024-03-10T03:17:19.379Z', '2024-10-16T20:19:26.713Z'),
  ('ee66feab-a682-49cd-840a-b5c7d867ba15', '9068539f-c76c-4c50-9f9d-feeba3598d08', 'projects', 'view', '2024-01-29T16:50:56.627Z', '2024-06-06T02:24:20.475Z'),
  ('bbf61f0a-f384-48fd-bdb6-3038b1f8d2da', 'a3913933-6b7b-4f84-96cd-2f79ea8fae17', 'projects', 'delete', '2025-11-07T07:52:04.543Z', '2024-08-27T06:47:02.317Z'),
  ('08757ccb-3dd2-47d9-9123-6ca98970e939', 'faaebc1c-7aed-43d6-b06f-9bc3e5a74ac9', 'projects', 'delete', '2024-08-18T10:00:34.917Z', '2024-04-19T18:51:58.185Z'),
  ('16fa42da-22ce-478e-b0ba-edb947ca46c2', 'fa7616ea-9dba-438d-bfde-7c3529bd1a0b', 'contracts', 'view', '2025-11-08T11:18:05.568Z', '2025-04-28T03:57:55.697Z'),
  ('9e358c3b-6437-42a2-8179-ebce240d5dc3', '2cf5c567-76a2-485e-b129-e4d81f0a62cc', 'orders', 'delete', '2025-10-14T15:56:29.552Z', '2024-11-09T01:03:01.835Z'),
  ('81c19a14-a7f0-4f8d-a28f-8a9ce177c0ee', '7738499f-1437-4c6d-9122-5e8b97c66fdf', 'orders', 'delete', '2025-12-26T01:47:00.869Z', '2025-11-16T15:14:52.480Z'),
  ('6c13e774-bd11-403a-b8ba-6b98003358ab', 'a3913933-6b7b-4f84-96cd-2f79ea8fae17', 'contracts', 'edit', '2024-03-19T23:49:49.163Z', '2025-08-30T20:51:09.599Z'),
  ('b915edca-7b41-450e-a73d-fe1d3c825450', '9068539f-c76c-4c50-9f9d-feeba3598d08', 'tasks', 'edit', '2025-11-08T21:59:25.141Z', '2025-04-21T08:12:19.445Z'),
  ('ceaf9659-d0ff-4896-9131-c7e7afbae403', 'fa7616ea-9dba-438d-bfde-7c3529bd1a0b', 'tasks', 'view', '2024-06-01T22:46:26.102Z', '2024-05-04T12:03:10.755Z'),
  ('f4f0912b-bfea-4392-a655-7271632eb9e8', 'df3fe545-cb97-4680-8b18-d1655b900af2', 'orders', 'view', '2024-05-08T20:25:44.880Z', '2025-03-31T09:33:11.046Z'),
  ('e0187cad-ddec-4981-8b16-4bbb7957a070', '78b78618-506e-405d-b1f4-4f5bcf2a9fa3', 'contracts', 'delete', '2025-11-10T11:30:21.078Z', '2025-03-19T18:50:39.279Z'),
  ('af6e1969-2c4b-492c-aaa3-0b0e029b1daa', 'df3fe545-cb97-4680-8b18-d1655b900af2', 'projects', 'edit', '2024-11-28T08:23:30.983Z', '2024-05-18T18:37:51.925Z'),
  ('ce98769b-1de6-40bc-8ba9-6768a98050ce', 'a30946c4-4bff-4174-9c70-6641eeaf7676', 'customers', 'edit', '2025-05-06T19:22:15.149Z', '2025-06-05T05:25:53.743Z'),
  ('4c249514-e6ec-4d9c-a3db-29e9d8cd2154', 'fa7616ea-9dba-438d-bfde-7c3529bd1a0b', 'orders', 'delete', '2024-03-09T23:20:58.216Z', '2025-08-13T09:19:20.417Z'),
  ('3ac41d58-8bff-470f-9760-7857fce89413', '34c1d54c-beab-46cd-8dc1-2cbc32eb8c60', 'contracts', 'edit', '2025-06-29T02:01:42.891Z', '2024-02-20T14:10:50.684Z'),
  ('751e7f66-c5e1-47b4-869a-19f9b55e0ee8', '7bfe98fe-4c99-46d9-a347-1da2ec69a19b', 'tasks', 'view', '2025-01-18T10:11:57.742Z', '2025-10-26T08:58:54.860Z'),
  ('d9cd8d11-f912-4122-813b-2b16bfb856b2', '6d02896d-65e5-4212-914c-caed5b4204f3', 'projects', 'edit', '2024-06-20T06:47:20.296Z', '2024-08-16T12:06:46.119Z')
ON CONFLICT (id) DO NOTHING;

INSERT INTO "department_permissions" ("id", "department_id", "resource", "permission", "created_at", "updated_at") VALUES
  ('e08d05fc-f92c-44a3-9e6f-836ff5e58d59', '0c9f1df6-83ba-4dce-a994-dff1bd63560f', 'tasks', 'edit', '2025-06-24T17:01:38.547Z', '2025-11-18T07:50:12.994Z'),
  ('b1c78dd0-ae92-40b7-b6c2-25ac72c7189f', '8a1e2db4-fab4-4265-877e-caa8373c4988', 'projects', 'view', '2025-07-03T18:59:58.227Z', '2024-08-08T09:09:30.387Z'),
  ('2688747e-e51a-4700-9aeb-30955b6a4343', '8a1e2db4-fab4-4265-877e-caa8373c4988', 'customers', 'edit', '2024-09-25T02:38:47.458Z', '2025-02-04T15:20:33.823Z'),
  ('370cbb70-ed5e-4022-bdfc-89583fc9e0d1', '8a1e2db4-fab4-4265-877e-caa8373c4988', 'tasks', 'delete', '2025-09-08T23:21:38.764Z', '2025-07-14T13:17:32.520Z'),
  ('ae9a88ea-0661-4740-a9b7-49f7c17b88cb', '601ad16d-5c6c-4f95-aee3-3c7ea9ebaf88', 'contracts', 'edit', '2024-08-10T21:28:21.246Z', '2024-10-07T09:40:29.786Z'),
  ('ff0d0807-dbc4-4c79-a223-dc559ca0e9af', '100eee22-d834-4890-a5b4-b2da98ccdb78', 'tasks', 'delete', '2024-02-06T01:02:07.894Z', '2025-12-20T11:51:53.024Z'),
  ('d79a9227-83c8-4305-9f96-6d4742ef4a98', 'c6270ce4-4d20-471c-bc9d-8cd5987f22ef', 'projects', 'delete', '2025-09-20T08:41:41.297Z', '2025-11-20T22:38:07.256Z'),
  ('0b187d15-b0c0-4137-ab40-4660d99317bd', 'c6270ce4-4d20-471c-bc9d-8cd5987f22ef', 'projects', 'delete', '2025-06-28T07:06:32.335Z', '2024-10-11T13:50:48.118Z'),
  ('0bb50666-61ad-464a-9842-2cb38c3bb9bc', 'c6270ce4-4d20-471c-bc9d-8cd5987f22ef', 'contracts', 'view', '2025-06-08T23:35:14.857Z', '2024-07-25T22:34:34.716Z'),
  ('5ae0b7fa-a4e9-46ed-ab91-376a9f5e7813', '8a1e2db4-fab4-4265-877e-caa8373c4988', 'contracts', 'edit', '2024-01-03T13:55:35.541Z', '2024-07-04T01:43:22.914Z'),
  ('5f14b3d7-9957-4687-b6b4-ccf9d3b5a90c', 'c6270ce4-4d20-471c-bc9d-8cd5987f22ef', 'users', 'view', '2024-05-26T21:11:40.028Z', '2025-10-01T02:51:34.042Z'),
  ('42e6b74b-e2e2-491e-a553-b2e8fff10ec3', '601ad16d-5c6c-4f95-aee3-3c7ea9ebaf88', 'tasks', 'edit', '2025-01-24T10:01:59.089Z', '2025-01-22T12:37:46.425Z'),
  ('85a82c07-a228-406c-b10a-84e7846d597b', '0c9f1df6-83ba-4dce-a994-dff1bd63560f', 'users', 'edit', '2024-06-02T01:21:31.376Z', '2025-10-18T14:30:12.777Z'),
  ('f14913d1-a5f9-43df-9c17-ce04cdb33648', '0c9f1df6-83ba-4dce-a994-dff1bd63560f', 'customers', 'view', '2024-02-20T15:48:02.459Z', '2025-11-19T13:42:41.249Z'),
  ('2005454c-2fc8-49d4-a553-75984c82682c', '601ad16d-5c6c-4f95-aee3-3c7ea9ebaf88', 'customers', 'view', '2024-04-09T18:04:00.643Z', '2024-01-06T19:40:45.633Z'),
  ('2bf19f46-a564-46fc-803e-ca70f2a2275b', '100eee22-d834-4890-a5b4-b2da98ccdb78', 'customers', 'view', '2024-07-05T14:22:12.287Z', '2025-05-15T21:39:21.707Z'),
  ('f04f8ada-0f87-44b8-bcbe-5ae102655f43', '100eee22-d834-4890-a5b4-b2da98ccdb78', 'contracts', 'view', '2025-09-08T19:41:56.531Z', '2025-10-24T22:27:27.723Z'),
  ('d35f82b0-8507-44fc-9b94-938617785e4c', '0c9f1df6-83ba-4dce-a994-dff1bd63560f', 'tasks', 'edit', '2024-07-08T08:31:10.861Z', '2024-10-07T05:38:58.566Z'),
  ('cf137ba4-62a9-40fa-bfc9-8c19672aafb1', '8a1e2db4-fab4-4265-877e-caa8373c4988', 'tasks', 'edit', '2025-12-24T10:33:38.348Z', '2024-01-27T00:33:06.813Z'),
  ('7ebf7ac2-a013-4b82-9061-2cb4f5a86997', '601ad16d-5c6c-4f95-aee3-3c7ea9ebaf88', 'contracts', 'edit', '2025-08-14T01:30:25.289Z', '2025-09-11T19:49:25.281Z')
ON CONFLICT (id) DO NOTHING;

INSERT INTO "customers" ("id", "customer_code", "customer_name", "phone", "address", "customer_type", "status", "created_at", "updated_at") VALUES
  ('18df170d-6fa7-4984-98c7-8f84e058fb95', 'CUST00001', '华为技术有限公司', '0755-10000000', '深圳市南山区科技园1号楼', 'agent', 'active', '2024-10-27T06:12:06.551Z', '2024-10-14T01:20:19.898Z'),
  ('43eb6dd1-a392-43ad-91e9-ac83ef3f8f6d', 'CUST00002', '腾讯科技有限公司', '0755-10000001', '深圳市南山区科技园2号楼', 'agent', 'active', '2024-01-02T17:01:45.885Z', '2024-03-30T05:00:18.661Z'),
  ('894d241f-afe7-46c9-953c-8cc8711e4c88', 'CUST00003', '阿里巴巴集团', '0755-10000002', '深圳市南山区科技园3号楼', 'terminal', 'active', '2025-11-30T04:01:39.354Z', '2024-02-20T21:38:03.356Z'),
  ('d14fe488-8975-4e02-a2a3-3645b0e5f035', 'CUST00004', '百度集团', '0755-10000003', '深圳市南山区科技园4号楼', 'terminal', 'active', '2024-08-19T22:52:25.430Z', '2025-09-02T15:42:36.913Z'),
  ('ae611330-41ac-4e26-b9a5-df85a32c9c6d', 'CUST00005', '字节跳动科技有限公司', '0755-10000004', '深圳市南山区科技园5号楼', 'terminal', 'inactive', '2025-12-22T05:16:05.901Z', '2024-09-16T19:50:15.269Z'),
  ('735fead9-4c98-4f27-a69e-d4c2e251666e', 'CUST00006', '美团科技有限公司', '0755-10000005', '深圳市南山区科技园6号楼', 'agent', 'active', '2024-05-20T01:54:45.520Z', '2025-10-13T01:30:51.923Z'),
  ('5910fc57-2889-4104-b47c-cea005f625f1', 'CUST00007', '京东集团', '0755-10000006', '深圳市南山区科技园7号楼', 'terminal', 'active', '2025-01-01T01:53:04.582Z', '2024-07-06T11:46:25.328Z'),
  ('c61c1d58-057d-45aa-bc59-95822177eb4d', 'CUST00008', '小米集团', '0755-10000007', '深圳市南山区科技园8号楼', 'agent', 'active', '2025-04-04T21:24:29.146Z', '2024-05-23T00:38:06.565Z'),
  ('84b71511-9bea-4f41-b0c0-d3cb6194b885', 'CUST00009', 'OPPO 广东移动通信有限公司', '0755-10000008', '深圳市南山区科技园9号楼', 'terminal', 'active', '2024-06-24T21:23:03.001Z', '2025-07-07T05:13:08.335Z'),
  ('82c65271-b302-4722-9a31-90c56fef7a8b', 'CUST00010', 'VIVO 移动通信有限公司', '0755-10000009', '深圳市南山区科技园10号楼', 'terminal', 'inactive', '2025-08-04T06:17:59.148Z', '2025-09-12T22:03:21.919Z'),
  ('0ea2cce8-201b-4ead-ba6d-c205bfa4adb0', 'CUST00011', '比亚迪股份有限公司', '0755-10000010', '深圳市南山区科技园11号楼', 'agent', 'active', '2025-08-08T23:50:05.861Z', '2025-07-23T23:19:19.931Z'),
  ('c50aff1e-1e3a-4af7-9859-7dca6dcf1236', 'CUST00012', '宁德时代新能源科技股份有限公司', '0755-10000011', '深圳市南山区科技园12号楼', 'terminal', 'inactive', '2024-08-29T09:42:58.180Z', '2024-08-03T01:21:01.053Z'),
  ('ed462caa-2e72-4343-829d-8023d3b0497d', 'CUST00013', '格力电器股份有限公司', '0755-10000012', '深圳市南山区科技园13号楼', 'terminal', 'active', '2025-11-15T17:35:22.187Z', '2025-03-02T14:57:52.925Z'),
  ('df4517b4-065d-4653-a9f3-9958c81b87c0', 'CUST00014', '美的集团', '0755-10000013', '深圳市南山区科技园14号楼', 'agent', 'inactive', '2025-06-05T13:02:46.951Z', '2024-02-23T13:36:43.156Z'),
  ('85de2b68-e836-43cb-91a7-8a11315a8c9c', 'CUST00015', '海尔智家股份有限公司', '0755-10000014', '深圳市南山区科技园15号楼', 'agent', 'inactive', '2025-05-14T11:31:22.186Z', '2024-10-18T07:10:44.435Z'),
  ('37b091b6-ca5c-4aa6-90dc-2826fb181e12', 'CUST00016', 'TCL 科技集团股份有限公司', '0755-10000015', '深圳市南山区科技园16号楼', 'terminal', 'inactive', '2025-07-30T18:20:27.697Z', '2025-01-01T08:20:47.206Z'),
  ('88c769aa-9d78-4898-b94e-69a2d7ddb366', 'CUST00017', '海信集团', '0755-10000016', '深圳市南山区科技园17号楼', 'agent', 'active', '2025-04-17T18:50:13.639Z', '2025-09-18T10:21:30.940Z'),
  ('432787a8-116a-490f-84e0-0b3e9f63403f', 'CUST00018', '创维集团', '0755-10000017', '深圳市南山区科技园18号楼', 'agent', 'inactive', '2024-10-07T08:09:49.271Z', '2025-09-17T03:03:34.606Z'),
  ('e1861ff7-1795-4b21-8dbf-b7663c9cd25c', 'CUST00019', '联想集团', '0755-10000018', '深圳市南山区科技园19号楼', 'terminal', 'active', '2024-04-02T12:38:51.636Z', '2025-11-22T21:26:36.489Z'),
  ('dec13537-9ef9-47dc-b172-a8a7d5e81323', 'CUST00020', '华硕电脑股份有限公司', '0755-10000019', '深圳市南山区科技园20号楼', 'terminal', 'inactive', '2024-09-20T14:47:16.006Z', '2024-09-17T22:17:54.609Z')
ON CONFLICT (id) DO NOTHING;

INSERT INTO "customer_contacts" ("id", "customer_id", "contact_type", "contact_name", "contact_phone", "contact_email", "position", "created_at") VALUES
  ('71a5f714-0500-4e17-a58e-36d9e7b319d0', '84b71511-9bea-4f41-b0c0-d3cb6194b885', 'technical', '李四', '13910000000', 'contact1@company.com', '技术总监', '2025-05-15T05:22:48.366Z'),
  ('4e7006ff-7b36-4289-97dc-b0f90577372e', 'ed462caa-2e72-4343-829d-8023d3b0497d', 'procurement', '吴十', '13910000001', 'contact2@company.com', '项目经理', '2025-01-16T08:07:47.281Z'),
  ('ef361d3c-bca7-40ae-a4d1-2e5bc6c8e1f1', '0ea2cce8-201b-4ead-ba6d-c205bfa4adb0', 'technical', '周九', '13910000002', 'contact3@company.com', '项目经理', '2024-07-20T22:49:24.898Z'),
  ('80ae8fab-37db-40fc-b1cc-cb8f6e8e6d54', 'ae611330-41ac-4e26-b9a5-df85a32c9c6d', 'procurement', '钱七', '13910000003', 'contact4@company.com', '项目经理', '2025-09-29T23:19:59.958Z'),
  ('02d7d8b6-546c-4e97-a7a4-d53fa9ea903d', 'e1861ff7-1795-4b21-8dbf-b7663c9cd25c', 'procurement', '吴十', '13910000004', 'contact5@company.com', '技术总监', '2024-10-13T06:30:13.354Z'),
  ('6fcfeaa8-bd27-442f-8c6b-d68d6bd7adfc', 'c61c1d58-057d-45aa-bc59-95822177eb4d', 'procurement', '程维', '13910000005', 'contact6@company.com', '技术总监', '2024-03-21T17:35:45.322Z'),
  ('59a9b30c-ba51-4b37-bbed-6ceb9b6aca38', '894d241f-afe7-46c9-953c-8cc8711e4c88', 'technical', '李彦宏', '13910000006', 'contact7@company.com', '项目经理', '2024-10-09T16:56:12.598Z'),
  ('ac5dd186-98a6-4c96-b48d-ae3fa085c1b0', '894d241f-afe7-46c9-953c-8cc8711e4c88', 'procurement', '张三', '13910000007', 'contact8@company.com', '项目经理', '2025-06-16T08:17:11.042Z'),
  ('ca194dee-637b-47db-94b8-6128ecb4c288', 'd14fe488-8975-4e02-a2a3-3645b0e5f035', 'procurement', '马化腾', '13910000008', 'contact9@company.com', '技术总监', '2024-11-27T10:12:28.706Z'),
  ('4d58e5d5-d32a-40a7-8699-54bcbf739fa4', '894d241f-afe7-46c9-953c-8cc8711e4c88', 'technical', '刘强东', '13910000009', 'contact10@company.com', '项目经理', '2024-04-08T16:39:48.294Z'),
  ('d7de1a8e-435c-4a7a-9ea0-d6fe35df0ff4', 'ed462caa-2e72-4343-829d-8023d3b0497d', 'technical', '张三', '13910000010', 'contact11@company.com', '项目经理', '2025-06-04T14:38:31.013Z'),
  ('b71ffeaa-1e96-4e4f-98a4-487e9122cc6e', 'dec13537-9ef9-47dc-b172-a8a7d5e81323', 'technical', '马化腾', '13910000011', 'contact12@company.com', '技术总监', '2024-02-02T19:22:56.955Z'),
  ('59370d3c-fe8b-46c2-92ff-1bd2bdd5c285', '85de2b68-e836-43cb-91a7-8a11315a8c9c', 'procurement', '王菲', '13910000012', 'contact13@company.com', '技术总监', '2025-10-19T04:45:56.523Z'),
  ('1860c550-59ee-4439-aa7d-54577d0a0de4', '894d241f-afe7-46c9-953c-8cc8711e4c88', 'technical', '王五', '13910000013', 'contact14@company.com', '技术总监', '2024-10-10T21:19:32.575Z'),
  ('26fe4c7b-60b2-45b1-bcdd-311d77f6b6c1', '82c65271-b302-4722-9a31-90c56fef7a8b', 'procurement', '雷军', '13910000014', 'contact15@company.com', '技术总监', '2024-05-25T04:50:54.939Z'),
  ('0a2eecdc-82e4-459d-90cb-4d7913f4c5be', '0ea2cce8-201b-4ead-ba6d-c205bfa4adb0', 'technical', '王小川', '13910000015', 'contact16@company.com', '项目经理', '2025-05-07T13:41:30.126Z'),
  ('71a4ebd8-ef49-4a4d-9af7-824e8b6c773e', 'df4517b4-065d-4653-a9f3-9958c81b87c0', 'procurement', '王五', '13910000016', 'contact17@company.com', '采购经理', '2025-10-27T08:27:04.981Z'),
  ('c92fe4ae-a294-4a9b-903e-0054bedf92e6', 'c61c1d58-057d-45aa-bc59-95822177eb4d', 'technical', '李四', '13910000017', 'contact18@company.com', '技术总监', '2024-12-25T18:10:01.943Z'),
  ('c706e2e6-0253-44fa-b24c-ca1b4f1a4f94', '85de2b68-e836-43cb-91a7-8a11315a8c9c', 'technical', '张三', '13910000018', 'contact19@company.com', '项目经理', '2024-08-02T07:07:59.925Z'),
  ('7636df66-9ab1-46d1-bfcf-cd56ab4c1fc6', 'c50aff1e-1e3a-4af7-9859-7dca6dcf1236', 'procurement', '刘强东', '13910000019', 'contact20@company.com', '采购经理', '2025-02-14T07:44:09.957Z')
ON CONFLICT (id) DO NOTHING;

INSERT INTO "projects" ("id", "name", "description", "status", "start_date", "end_date", "owner_id", "icon_url", "project_code", "material_code", "product_name", "specification", "product_image_url", "customer_id", "customer_name", "technical_contact_name", "technical_contact_phone", "technical_contact_email", "project_manager", "project_manager_phone", "project_management", "mechanical_lead", "electrical_lead", "visual_lead", "software_lead", "procurement", "planning", "production", "quality", "field_project_lead", "business", "safety", "order_number", "order_date", "delivery_date", "quantity", "contract_code", "contract_name", "contract_date", "technical_protocol_url", "progress_plan", "custom_members", "approval_status", "approval_request_id", "created_at", "updated_at") VALUES
  ('e7219390-af57-418f-bc5d-6d817d093e6d', '智能制造系统', '这是项目1的详细描述', 'paused', '2025-03-13T04:31:52.518Z', '2025-06-11T04:31:52.518Z', '34c1d54c-beab-46cd-8dc1-2cbc32eb8c60', NULL, 'PRJ00001', 'MAT00001', '产品1', '规格1', NULL, '37b091b6-ca5c-4aa6-90dc-2826fb181e12', 'TCL 科技集团股份有限公司', '马化腾', '13820000000', 'tech1@company.com', 'aab46720-889b-4e9d-b965-c92c58bd5a32', '13830000000', '6d02896d-65e5-4212-914c-caed5b4204f3', '29c4b908-8198-4189-afbe-f47c0682f3ec', 'd820cb9c-1607-4859-b04e-d5671e7fd6fa', '78b78618-506e-405d-b1f4-4f5bcf2a9fa3', '29c4b908-8198-4189-afbe-f47c0682f3ec', 'fa7616ea-9dba-438d-bfde-7c3529bd1a0b', '6aebb53a-614e-4341-9282-17f21abac93b', '6d02896d-65e5-4212-914c-caed5b4204f3', 'faaebc1c-7aed-43d6-b06f-9bc3e5a74ac9', 'a3913933-6b7b-4f84-96cd-2f79ea8fae17', 'fa7616ea-9dba-438d-bfde-7c3529bd1a0b', 'fa7616ea-9dba-438d-bfde-7c3529bd1a0b', 'ORD00001', '2024-01-31T02:28:50.040Z', '2025-10-11T12:53:42.530Z', '82', 'CT00001', '合同1', '2025-03-30T04:10:18.738Z', NULL, NULL, NULL, 'none', NULL, '2024-04-18T06:53:02.786Z', '2024-02-06T04:09:21.846Z'),
  ('fe1be1ec-e5c5-4e73-a2d1-ddca62ba2bdd', 'ERP 管理系统', '这是项目2的详细描述', 'active', '2025-06-26T19:05:39.821Z', '2025-09-24T19:05:39.821Z', 'faaebc1c-7aed-43d6-b06f-9bc3e5a74ac9', NULL, 'PRJ00002', 'MAT00002', '产品2', '规格2', NULL, 'd14fe488-8975-4e02-a2a3-3645b0e5f035', '百度集团', '李四', '13820000001', 'tech2@company.com', 'e16c695c-d799-4e58-8b46-8ec748006c06', '13830000001', '29c4b908-8198-4189-afbe-f47c0682f3ec', '57a0ece9-99f0-4bca-9cd2-e17f8b4f861e', '6aebb53a-614e-4341-9282-17f21abac93b', 'aab46720-889b-4e9d-b965-c92c58bd5a32', '6aebb53a-614e-4341-9282-17f21abac93b', '2cf5c567-76a2-485e-b129-e4d81f0a62cc', 'a30946c4-4bff-4174-9c70-6641eeaf7676', '9068539f-c76c-4c50-9f9d-feeba3598d08', 'e16c695c-d799-4e58-8b46-8ec748006c06', '7bfe98fe-4c99-46d9-a347-1da2ec69a19b', 'dc6a3f91-a503-4d0d-87e8-c384f6cd25be', '2cf5c567-76a2-485e-b129-e4d81f0a62cc', 'ORD00002', '2024-01-05T00:38:04.445Z', '2026-04-03T14:24:10.817Z', '93', 'CT00002', '合同2', '2025-05-01T21:40:25.235Z', NULL, NULL, NULL, 'none', NULL, '2025-08-07T11:34:52.621Z', '2025-06-21T17:03:32.661Z'),
  ('f1840386-635d-4daa-8fce-8a22df519665', 'CRM 客户管理系统', '这是项目3的详细描述', 'paused', '2024-10-11T09:13:36.626Z', '2025-01-09T09:13:36.626Z', '7738499f-1437-4c6d-9122-5e8b97c66fdf', NULL, 'PRJ00003', 'MAT00003', '产品3', '规格3', NULL, '894d241f-afe7-46c9-953c-8cc8711e4c88', '阿里巴巴集团', '王五', '13820000002', 'tech3@company.com', 'aab46720-889b-4e9d-b965-c92c58bd5a32', '13830000002', '7bfe98fe-4c99-46d9-a347-1da2ec69a19b', '7738499f-1437-4c6d-9122-5e8b97c66fdf', 'fa7616ea-9dba-438d-bfde-7c3529bd1a0b', 'a3913933-6b7b-4f84-96cd-2f79ea8fae17', 'aab46720-889b-4e9d-b965-c92c58bd5a32', 'faaebc1c-7aed-43d6-b06f-9bc3e5a74ac9', '34c1d54c-beab-46cd-8dc1-2cbc32eb8c60', '9068539f-c76c-4c50-9f9d-feeba3598d08', 'df3fe545-cb97-4680-8b18-d1655b900af2', '34c1d54c-beab-46cd-8dc1-2cbc32eb8c60', 'dc6a3f91-a503-4d0d-87e8-c384f6cd25be', '9068539f-c76c-4c50-9f9d-feeba3598d08', 'ORD00003', '2024-08-31T07:14:44.997Z', '2025-08-11T12:05:56.195Z', '9', 'CT00003', '合同3', '2024-08-01T04:43:50.984Z', NULL, NULL, NULL, 'none', NULL, '2024-08-17T19:26:11.334Z', '2025-02-19T01:35:24.448Z'),
  ('ed6aa622-525f-48c9-8880-9f3f658b9865', 'OA 办公自动化系统', '这是项目4的详细描述', 'active', '2025-05-31T06:05:59.572Z', '2025-08-29T06:05:59.572Z', '7bfe98fe-4c99-46d9-a347-1da2ec69a19b', NULL, 'PRJ00004', 'MAT00004', '产品4', '规格4', NULL, '43eb6dd1-a392-43ad-91e9-ac83ef3f8f6d', '腾讯科技有限公司', '黄峥', '13820000003', 'tech4@company.com', 'a30946c4-4bff-4174-9c70-6641eeaf7676', '13830000003', '9068539f-c76c-4c50-9f9d-feeba3598d08', 'aab46720-889b-4e9d-b965-c92c58bd5a32', '9068539f-c76c-4c50-9f9d-feeba3598d08', 'dc6a3f91-a503-4d0d-87e8-c384f6cd25be', '9068539f-c76c-4c50-9f9d-feeba3598d08', '29c4b908-8198-4189-afbe-f47c0682f3ec', '29c4b908-8198-4189-afbe-f47c0682f3ec', 'dc6a3f91-a503-4d0d-87e8-c384f6cd25be', 'd820cb9c-1607-4859-b04e-d5671e7fd6fa', '78b78618-506e-405d-b1f4-4f5bcf2a9fa3', '7738499f-1437-4c6d-9122-5e8b97c66fdf', 'faaebc1c-7aed-43d6-b06f-9bc3e5a74ac9', 'ORD00004', '2025-09-03T17:04:37.979Z', '2026-01-22T02:47:41.821Z', '39', 'CT00004', '合同4', '2024-12-12T19:02:45.515Z', NULL, NULL, NULL, 'none', NULL, '2024-01-11T16:54:21.890Z', '2024-12-08T14:21:21.140Z'),
  ('abd88139-c278-44e8-8ef2-558f6062bdf5', 'MES 生产执行系统', '这是项目5的详细描述', 'active', '2024-05-17T22:16:26.839Z', '2024-08-15T22:16:26.839Z', 'df3fe545-cb97-4680-8b18-d1655b900af2', NULL, 'PRJ00005', 'MAT00005', '产品5', '规格5', NULL, '5910fc57-2889-4104-b47c-cea005f625f1', '京东集团', '宿华', '13820000004', 'tech5@company.com', 'd820cb9c-1607-4859-b04e-d5671e7fd6fa', '13830000004', 'faaebc1c-7aed-43d6-b06f-9bc3e5a74ac9', '2cf5c567-76a2-485e-b129-e4d81f0a62cc', '7738499f-1437-4c6d-9122-5e8b97c66fdf', 'faaebc1c-7aed-43d6-b06f-9bc3e5a74ac9', '7738499f-1437-4c6d-9122-5e8b97c66fdf', '6aebb53a-614e-4341-9282-17f21abac93b', 'faaebc1c-7aed-43d6-b06f-9bc3e5a74ac9', 'd820cb9c-1607-4859-b04e-d5671e7fd6fa', '9068539f-c76c-4c50-9f9d-feeba3598d08', 'dc6a3f91-a503-4d0d-87e8-c384f6cd25be', '6aebb53a-614e-4341-9282-17f21abac93b', '6d02896d-65e5-4212-914c-caed5b4204f3', 'ORD00005', '2024-06-22T09:30:19.016Z', '2025-02-16T17:56:12.954Z', '15', 'CT00005', '合同5', '2024-10-15T21:44:46.128Z', NULL, NULL, NULL, 'none', NULL, '2024-05-17T06:13:46.900Z', '2024-09-09T06:26:08.495Z'),
  ('614cdf9f-a865-4402-9004-345563af16c1', 'WMS 仓储管理系统', '这是项目6的详细描述', 'paused', '2024-09-09T16:59:23.255Z', '2024-12-08T16:59:23.255Z', 'aab46720-889b-4e9d-b965-c92c58bd5a32', NULL, 'PRJ00006', 'MAT00006', '产品6', '规格6', NULL, 'd14fe488-8975-4e02-a2a3-3645b0e5f035', '百度集团', '张三', '13820000005', 'tech6@company.com', '9068539f-c76c-4c50-9f9d-feeba3598d08', '13830000005', '57a0ece9-99f0-4bca-9cd2-e17f8b4f861e', 'e16c695c-d799-4e58-8b46-8ec748006c06', '7bfe98fe-4c99-46d9-a347-1da2ec69a19b', '7bfe98fe-4c99-46d9-a347-1da2ec69a19b', 'e16c695c-d799-4e58-8b46-8ec748006c06', 'a30946c4-4bff-4174-9c70-6641eeaf7676', '2cf5c567-76a2-485e-b129-e4d81f0a62cc', '6d02896d-65e5-4212-914c-caed5b4204f3', '57a0ece9-99f0-4bca-9cd2-e17f8b4f861e', 'a30946c4-4bff-4174-9c70-6641eeaf7676', '6aebb53a-614e-4341-9282-17f21abac93b', '2cf5c567-76a2-485e-b129-e4d81f0a62cc', 'ORD00006', '2024-02-28T20:19:25.961Z', '2025-11-23T21:20:19.243Z', '81', 'CT00006', '合同6', '2024-05-03T01:29:02.758Z', NULL, NULL, NULL, 'none', NULL, '2024-06-05T09:37:54.883Z', '2024-08-21T10:29:00.335Z'),
  ('99dff50f-0e1f-42e2-a456-68924260264a', 'PLM 产品生命周期管理', '这是项目7的详细描述', 'active', '2024-05-25T15:35:19.878Z', '2024-08-23T15:35:19.878Z', '78b78618-506e-405d-b1f4-4f5bcf2a9fa3', NULL, 'PRJ00007', 'MAT00007', '产品7', '规格7', NULL, '43eb6dd1-a392-43ad-91e9-ac83ef3f8f6d', '腾讯科技有限公司', '周九', '13820000006', 'tech7@company.com', '7738499f-1437-4c6d-9122-5e8b97c66fdf', '13830000006', 'fa7616ea-9dba-438d-bfde-7c3529bd1a0b', 'faaebc1c-7aed-43d6-b06f-9bc3e5a74ac9', '2cf5c567-76a2-485e-b129-e4d81f0a62cc', '6aebb53a-614e-4341-9282-17f21abac93b', 'faaebc1c-7aed-43d6-b06f-9bc3e5a74ac9', '57a0ece9-99f0-4bca-9cd2-e17f8b4f861e', 'd820cb9c-1607-4859-b04e-d5671e7fd6fa', '29c4b908-8198-4189-afbe-f47c0682f3ec', 'd820cb9c-1607-4859-b04e-d5671e7fd6fa', 'e16c695c-d799-4e58-8b46-8ec748006c06', 'dc6a3f91-a503-4d0d-87e8-c384f6cd25be', '3a51a3d4-62dc-42e3-9bcb-8653a10e6fbd', 'ORD00007', '2025-01-04T15:07:55.021Z', '2025-02-16T20:01:00.590Z', '7', 'CT00007', '合同7', '2024-05-14T22:32:33.873Z', NULL, NULL, NULL, 'none', NULL, '2025-09-15T21:08:02.290Z', '2024-09-02T08:44:40.325Z'),
  ('ea33fefd-a749-41c4-a8e0-20964e49cf4e', 'SCM 供应链管理系统', '这是项目8的详细描述', 'completed', '2025-09-06T01:20:24.362Z', '2025-12-05T01:20:24.362Z', 'fa7616ea-9dba-438d-bfde-7c3529bd1a0b', NULL, 'PRJ00008', 'MAT00008', '产品8', '规格8', NULL, 'c61c1d58-057d-45aa-bc59-95822177eb4d', '小米集团', '李四', '13820000007', 'tech8@company.com', 'aab46720-889b-4e9d-b965-c92c58bd5a32', '13830000007', '29c4b908-8198-4189-afbe-f47c0682f3ec', '29c4b908-8198-4189-afbe-f47c0682f3ec', '29c4b908-8198-4189-afbe-f47c0682f3ec', '2cf5c567-76a2-485e-b129-e4d81f0a62cc', 'fa7616ea-9dba-438d-bfde-7c3529bd1a0b', '7bfe98fe-4c99-46d9-a347-1da2ec69a19b', '6d02896d-65e5-4212-914c-caed5b4204f3', '57a0ece9-99f0-4bca-9cd2-e17f8b4f861e', 'a30946c4-4bff-4174-9c70-6641eeaf7676', 'df3fe545-cb97-4680-8b18-d1655b900af2', 'a30946c4-4bff-4174-9c70-6641eeaf7676', 'a30946c4-4bff-4174-9c70-6641eeaf7676', 'ORD00008', '2024-05-14T04:17:19.710Z', '2025-08-04T09:02:06.162Z', '61', 'CT00008', '合同8', '2024-04-09T04:00:57.142Z', NULL, NULL, NULL, 'none', NULL, '2024-04-21T16:31:32.669Z', '2024-11-01T11:28:06.030Z'),
  ('32f8ea7d-151b-4a64-af36-71d211748b88', 'HR 人力资源系统', '这是项目9的详细描述', 'completed', '2025-09-25T17:15:36.779Z', '2025-12-24T17:15:36.779Z', 'a3913933-6b7b-4f84-96cd-2f79ea8fae17', NULL, 'PRJ00009', 'MAT00009', '产品9', '规格9', NULL, '85de2b68-e836-43cb-91a7-8a11315a8c9c', '海尔智家股份有限公司', '雷军', '13820000008', 'tech9@company.com', '78b78618-506e-405d-b1f4-4f5bcf2a9fa3', '13830000008', 'fa7616ea-9dba-438d-bfde-7c3529bd1a0b', 'df3fe545-cb97-4680-8b18-d1655b900af2', '29c4b908-8198-4189-afbe-f47c0682f3ec', 'df3fe545-cb97-4680-8b18-d1655b900af2', '57a0ece9-99f0-4bca-9cd2-e17f8b4f861e', '29c4b908-8198-4189-afbe-f47c0682f3ec', 'df3fe545-cb97-4680-8b18-d1655b900af2', 'faaebc1c-7aed-43d6-b06f-9bc3e5a74ac9', '29c4b908-8198-4189-afbe-f47c0682f3ec', '6aebb53a-614e-4341-9282-17f21abac93b', '7738499f-1437-4c6d-9122-5e8b97c66fdf', 'd820cb9c-1607-4859-b04e-d5671e7fd6fa', 'ORD00009', '2024-01-07T10:36:16.384Z', '2026-06-19T14:15:14.885Z', '81', 'CT00009', '合同9', '2025-05-05T05:40:23.895Z', NULL, NULL, NULL, 'none', NULL, '2025-07-12T03:08:25.136Z', '2024-11-23T05:28:36.988Z'),
  ('e1abed47-2393-4529-aec1-c83370baec4f', 'FMS 财务管理系统', '这是项目10的详细描述', 'completed', '2024-04-15T16:40:14.635Z', '2024-07-14T16:40:14.635Z', 'faaebc1c-7aed-43d6-b06f-9bc3e5a74ac9', NULL, 'PRJ00010', 'MAT00010', '产品10', '规格10', NULL, '432787a8-116a-490f-84e0-0b3e9f63403f', '创维集团', '程维', '13820000009', 'tech10@company.com', 'a3913933-6b7b-4f84-96cd-2f79ea8fae17', '13830000009', 'dc6a3f91-a503-4d0d-87e8-c384f6cd25be', '29c4b908-8198-4189-afbe-f47c0682f3ec', '7738499f-1437-4c6d-9122-5e8b97c66fdf', '6d02896d-65e5-4212-914c-caed5b4204f3', '6d02896d-65e5-4212-914c-caed5b4204f3', '6d02896d-65e5-4212-914c-caed5b4204f3', '6aebb53a-614e-4341-9282-17f21abac93b', '6d02896d-65e5-4212-914c-caed5b4204f3', 'aab46720-889b-4e9d-b965-c92c58bd5a32', 'e16c695c-d799-4e58-8b46-8ec748006c06', '78b78618-506e-405d-b1f4-4f5bcf2a9fa3', 'a3913933-6b7b-4f84-96cd-2f79ea8fae17', 'ORD00010', '2024-05-09T10:53:17.558Z', '2026-04-22T21:34:46.690Z', '91', 'CT00010', '合同10', '2024-03-31T21:52:41.868Z', NULL, NULL, NULL, 'none', NULL, '2024-10-09T19:47:26.471Z', '2025-08-03T13:16:16.445Z'),
  ('a3a44322-ae66-4a92-a375-7e797d4593e8', 'BI 商业智能系统', '这是项目11的详细描述', 'paused', '2025-12-08T14:49:12.602Z', '2026-03-08T14:49:12.602Z', 'dc6a3f91-a503-4d0d-87e8-c384f6cd25be', NULL, 'PRJ00011', 'MAT00011', '产品11', '规格11', NULL, 'df4517b4-065d-4653-a9f3-9958c81b87c0', '美的集团', '刘强东', '13820000010', 'tech11@company.com', '7bfe98fe-4c99-46d9-a347-1da2ec69a19b', '13830000010', 'a3913933-6b7b-4f84-96cd-2f79ea8fae17', 'a30946c4-4bff-4174-9c70-6641eeaf7676', '2cf5c567-76a2-485e-b129-e4d81f0a62cc', '7bfe98fe-4c99-46d9-a347-1da2ec69a19b', 'dc6a3f91-a503-4d0d-87e8-c384f6cd25be', 'aab46720-889b-4e9d-b965-c92c58bd5a32', '2cf5c567-76a2-485e-b129-e4d81f0a62cc', '78b78618-506e-405d-b1f4-4f5bcf2a9fa3', 'a30946c4-4bff-4174-9c70-6641eeaf7676', '29c4b908-8198-4189-afbe-f47c0682f3ec', '2cf5c567-76a2-485e-b129-e4d81f0a62cc', '9068539f-c76c-4c50-9f9d-feeba3598d08', 'ORD00011', '2024-02-22T18:44:28.413Z', '2026-12-07T16:27:12.470Z', '60', 'CT00011', '合同11', '2025-11-24T06:19:53.875Z', NULL, NULL, NULL, 'none', NULL, '2024-02-17T21:09:40.111Z', '2025-02-17T09:50:26.524Z'),
  ('31fcc4bd-448f-44bf-bd10-a86f2eb02a37', 'IoT 物联网平台', '这是项目12的详细描述', 'completed', '2024-11-05T15:30:01.134Z', '2025-02-03T15:30:01.134Z', '29c4b908-8198-4189-afbe-f47c0682f3ec', NULL, 'PRJ00012', 'MAT00012', '产品12', '规格12', NULL, '5910fc57-2889-4104-b47c-cea005f625f1', '京东集团', '雷军', '13820000011', 'tech12@company.com', 'e16c695c-d799-4e58-8b46-8ec748006c06', '13830000011', '2cf5c567-76a2-485e-b129-e4d81f0a62cc', 'e16c695c-d799-4e58-8b46-8ec748006c06', 'aab46720-889b-4e9d-b965-c92c58bd5a32', '3a51a3d4-62dc-42e3-9bcb-8653a10e6fbd', '29c4b908-8198-4189-afbe-f47c0682f3ec', '7738499f-1437-4c6d-9122-5e8b97c66fdf', 'faaebc1c-7aed-43d6-b06f-9bc3e5a74ac9', '57a0ece9-99f0-4bca-9cd2-e17f8b4f861e', '78b78618-506e-405d-b1f4-4f5bcf2a9fa3', '2cf5c567-76a2-485e-b129-e4d81f0a62cc', 'df3fe545-cb97-4680-8b18-d1655b900af2', '78b78618-506e-405d-b1f4-4f5bcf2a9fa3', 'ORD00012', '2025-11-29T23:58:26.926Z', '2025-03-04T00:22:14.644Z', '1', 'CT00012', '合同12', '2024-01-18T18:34:46.406Z', NULL, NULL, NULL, 'none', NULL, '2024-04-13T20:48:22.150Z', '2024-08-12T08:57:03.985Z'),
  ('076f60a9-cb00-4300-b9e2-66e0b29ea3de', 'AI 人工智能平台', '这是项目13的详细描述', 'active', '2024-10-23T03:19:13.908Z', '2025-01-21T03:19:13.908Z', '78b78618-506e-405d-b1f4-4f5bcf2a9fa3', NULL, 'PRJ00013', 'MAT00013', '产品13', '规格13', NULL, '37b091b6-ca5c-4aa6-90dc-2826fb181e12', 'TCL 科技集团股份有限公司', '张三', '13820000012', 'tech13@company.com', '2cf5c567-76a2-485e-b129-e4d81f0a62cc', '13830000012', '57a0ece9-99f0-4bca-9cd2-e17f8b4f861e', '7738499f-1437-4c6d-9122-5e8b97c66fdf', '9068539f-c76c-4c50-9f9d-feeba3598d08', '6d02896d-65e5-4212-914c-caed5b4204f3', '3a51a3d4-62dc-42e3-9bcb-8653a10e6fbd', 'faaebc1c-7aed-43d6-b06f-9bc3e5a74ac9', 'a3913933-6b7b-4f84-96cd-2f79ea8fae17', 'df3fe545-cb97-4680-8b18-d1655b900af2', 'a3913933-6b7b-4f84-96cd-2f79ea8fae17', 'e16c695c-d799-4e58-8b46-8ec748006c06', '6d02896d-65e5-4212-914c-caed5b4204f3', 'e16c695c-d799-4e58-8b46-8ec748006c06', 'ORD00013', '2025-10-17T06:09:46.106Z', '2025-01-02T21:32:57.811Z', '59', 'CT00013', '合同13', '2025-05-31T02:29:24.699Z', NULL, NULL, NULL, 'none', NULL, '2025-05-31T01:56:37.550Z', '2024-04-12T23:41:41.141Z'),
  ('d2a1e196-968d-4ae8-867c-532fd21c9140', '大数据分析平台', '这是项目14的详细描述', 'active', '2024-06-20T17:49:32.532Z', '2024-09-18T17:49:32.532Z', '57a0ece9-99f0-4bca-9cd2-e17f8b4f861e', NULL, 'PRJ00014', 'MAT00014', '产品14', '规格14', NULL, '894d241f-afe7-46c9-953c-8cc8711e4c88', '阿里巴巴集团', '马化腾', '13820000013', 'tech14@company.com', 'fa7616ea-9dba-438d-bfde-7c3529bd1a0b', '13830000013', '2cf5c567-76a2-485e-b129-e4d81f0a62cc', 'd820cb9c-1607-4859-b04e-d5671e7fd6fa', '9068539f-c76c-4c50-9f9d-feeba3598d08', '7738499f-1437-4c6d-9122-5e8b97c66fdf', 'e16c695c-d799-4e58-8b46-8ec748006c06', '6aebb53a-614e-4341-9282-17f21abac93b', '34c1d54c-beab-46cd-8dc1-2cbc32eb8c60', 'df3fe545-cb97-4680-8b18-d1655b900af2', 'aab46720-889b-4e9d-b965-c92c58bd5a32', 'e16c695c-d799-4e58-8b46-8ec748006c06', '6aebb53a-614e-4341-9282-17f21abac93b', 'e16c695c-d799-4e58-8b46-8ec748006c06', 'ORD00014', '2024-03-09T23:27:33.105Z', '2026-05-03T06:03:02.096Z', '81', 'CT00014', '合同14', '2024-06-22T03:44:42.442Z', NULL, NULL, NULL, 'none', NULL, '2024-11-22T17:00:10.467Z', '2025-05-10T10:46:23.238Z'),
  ('fa15107e-9395-432f-9b50-c4ddd9eb45ba', '云计算平台', '这是项目15的详细描述', 'active', '2025-12-24T03:46:17.710Z', '2026-03-24T03:46:17.710Z', '57a0ece9-99f0-4bca-9cd2-e17f8b4f861e', NULL, 'PRJ00015', 'MAT00015', '产品15', '规格15', NULL, '0ea2cce8-201b-4ead-ba6d-c205bfa4adb0', '比亚迪股份有限公司', '黄峥', '13820000014', 'tech15@company.com', 'aab46720-889b-4e9d-b965-c92c58bd5a32', '13830000014', 'd820cb9c-1607-4859-b04e-d5671e7fd6fa', '7bfe98fe-4c99-46d9-a347-1da2ec69a19b', '3a51a3d4-62dc-42e3-9bcb-8653a10e6fbd', '6aebb53a-614e-4341-9282-17f21abac93b', 'a3913933-6b7b-4f84-96cd-2f79ea8fae17', '6aebb53a-614e-4341-9282-17f21abac93b', '34c1d54c-beab-46cd-8dc1-2cbc32eb8c60', '6aebb53a-614e-4341-9282-17f21abac93b', 'aab46720-889b-4e9d-b965-c92c58bd5a32', 'faaebc1c-7aed-43d6-b06f-9bc3e5a74ac9', 'd820cb9c-1607-4859-b04e-d5671e7fd6fa', 'e16c695c-d799-4e58-8b46-8ec748006c06', 'ORD00015', '2024-08-21T07:46:03.197Z', '2025-08-29T00:47:27.862Z', '87', 'CT00015', '合同15', '2024-02-03T07:14:16.021Z', NULL, NULL, NULL, 'none', NULL, '2025-11-21T00:49:51.761Z', '2025-01-14T09:55:14.779Z'),
  ('67f76fca-c203-410c-b7d5-3b29ce59341c', '移动应用开发', '这是项目16的详细描述', 'active', '2025-09-25T07:27:54.481Z', '2025-12-24T07:27:54.481Z', '6aebb53a-614e-4341-9282-17f21abac93b', NULL, 'PRJ00016', 'MAT00016', '产品16', '规格16', NULL, 'c50aff1e-1e3a-4af7-9859-7dca6dcf1236', '宁德时代新能源科技股份有限公司', '吴十', '13820000015', 'tech16@company.com', 'd820cb9c-1607-4859-b04e-d5671e7fd6fa', '13830000015', '57a0ece9-99f0-4bca-9cd2-e17f8b4f861e', '3a51a3d4-62dc-42e3-9bcb-8653a10e6fbd', 'e16c695c-d799-4e58-8b46-8ec748006c06', '34c1d54c-beab-46cd-8dc1-2cbc32eb8c60', 'fa7616ea-9dba-438d-bfde-7c3529bd1a0b', '2cf5c567-76a2-485e-b129-e4d81f0a62cc', '78b78618-506e-405d-b1f4-4f5bcf2a9fa3', '7738499f-1437-4c6d-9122-5e8b97c66fdf', 'a30946c4-4bff-4174-9c70-6641eeaf7676', 'faaebc1c-7aed-43d6-b06f-9bc3e5a74ac9', 'e16c695c-d799-4e58-8b46-8ec748006c06', '6aebb53a-614e-4341-9282-17f21abac93b', 'ORD00016', '2024-05-11T16:11:54.382Z', '2026-10-16T22:25:19.006Z', '98', 'CT00016', '合同16', '2024-04-20T15:42:16.660Z', NULL, NULL, NULL, 'none', NULL, '2024-03-31T20:06:59.411Z', '2024-02-17T21:35:41.832Z'),
  ('5206785f-57e6-4876-a67f-a487ae8c43b5', '微信公众号开发', '这是项目17的详细描述', 'active', '2025-01-23T23:34:31.263Z', '2025-04-23T23:34:31.263Z', '6d02896d-65e5-4212-914c-caed5b4204f3', NULL, 'PRJ00017', 'MAT00017', '产品17', '规格17', NULL, '432787a8-116a-490f-84e0-0b3e9f63403f', '创维集团', '马化腾', '13820000016', 'tech17@company.com', '2cf5c567-76a2-485e-b129-e4d81f0a62cc', '13830000016', 'a30946c4-4bff-4174-9c70-6641eeaf7676', '34c1d54c-beab-46cd-8dc1-2cbc32eb8c60', '78b78618-506e-405d-b1f4-4f5bcf2a9fa3', '57a0ece9-99f0-4bca-9cd2-e17f8b4f861e', 'fa7616ea-9dba-438d-bfde-7c3529bd1a0b', 'df3fe545-cb97-4680-8b18-d1655b900af2', '34c1d54c-beab-46cd-8dc1-2cbc32eb8c60', 'fa7616ea-9dba-438d-bfde-7c3529bd1a0b', '34c1d54c-beab-46cd-8dc1-2cbc32eb8c60', '7738499f-1437-4c6d-9122-5e8b97c66fdf', 'd820cb9c-1607-4859-b04e-d5671e7fd6fa', 'aab46720-889b-4e9d-b965-c92c58bd5a32', 'ORD00017', '2025-08-10T06:34:40.575Z', '2025-03-04T11:27:50.218Z', '73', 'CT00017', '合同17', '2025-12-12T02:06:56.228Z', NULL, NULL, NULL, 'none', NULL, '2025-05-22T10:54:10.332Z', '2025-09-07T05:52:05.211Z'),
  ('2504310f-9d7c-4e0d-8fbe-cfacf0a1c8db', '小程序开发', '这是项目18的详细描述', 'paused', '2025-03-12T15:33:02.373Z', '2025-06-10T15:33:02.373Z', 'fa7616ea-9dba-438d-bfde-7c3529bd1a0b', NULL, 'PRJ00018', 'MAT00018', '产品18', '规格18', NULL, 'd14fe488-8975-4e02-a2a3-3645b0e5f035', '百度集团', '张三', '13820000017', 'tech18@company.com', '57a0ece9-99f0-4bca-9cd2-e17f8b4f861e', '13830000017', 'aab46720-889b-4e9d-b965-c92c58bd5a32', '2cf5c567-76a2-485e-b129-e4d81f0a62cc', 'aab46720-889b-4e9d-b965-c92c58bd5a32', '34c1d54c-beab-46cd-8dc1-2cbc32eb8c60', 'dc6a3f91-a503-4d0d-87e8-c384f6cd25be', 'df3fe545-cb97-4680-8b18-d1655b900af2', '29c4b908-8198-4189-afbe-f47c0682f3ec', '34c1d54c-beab-46cd-8dc1-2cbc32eb8c60', '9068539f-c76c-4c50-9f9d-feeba3598d08', 'df3fe545-cb97-4680-8b18-d1655b900af2', 'a30946c4-4bff-4174-9c70-6641eeaf7676', '3a51a3d4-62dc-42e3-9bcb-8653a10e6fbd', 'ORD00018', '2024-02-28T16:34:35.742Z', '2026-07-21T15:03:45.601Z', '18', 'CT00018', '合同18', '2024-11-11T06:52:52.174Z', NULL, NULL, NULL, 'none', NULL, '2025-11-09T17:41:19.145Z', '2024-11-07T10:18:03.282Z'),
  ('30ad535f-ae9a-4eb9-a20c-b45ca76b661d', '电商平台', '这是项目19的详细描述', 'paused', '2024-02-02T18:20:35.309Z', '2024-05-02T18:20:35.309Z', '29c4b908-8198-4189-afbe-f47c0682f3ec', NULL, 'PRJ00019', 'MAT00019', '产品19', '规格19', NULL, 'd14fe488-8975-4e02-a2a3-3645b0e5f035', '百度集团', '李彦宏', '13820000018', 'tech19@company.com', '9068539f-c76c-4c50-9f9d-feeba3598d08', '13830000018', '3a51a3d4-62dc-42e3-9bcb-8653a10e6fbd', '9068539f-c76c-4c50-9f9d-feeba3598d08', '3a51a3d4-62dc-42e3-9bcb-8653a10e6fbd', '3a51a3d4-62dc-42e3-9bcb-8653a10e6fbd', 'faaebc1c-7aed-43d6-b06f-9bc3e5a74ac9', '6aebb53a-614e-4341-9282-17f21abac93b', 'e16c695c-d799-4e58-8b46-8ec748006c06', '9068539f-c76c-4c50-9f9d-feeba3598d08', 'e16c695c-d799-4e58-8b46-8ec748006c06', '34c1d54c-beab-46cd-8dc1-2cbc32eb8c60', 'e16c695c-d799-4e58-8b46-8ec748006c06', '7738499f-1437-4c6d-9122-5e8b97c66fdf', 'ORD00019', '2024-09-10T21:27:31.413Z', '2026-01-31T14:24:32.851Z', '47', 'CT00019', '合同19', '2025-06-06T17:43:54.443Z', NULL, NULL, NULL, 'none', NULL, '2024-10-08T22:31:38.346Z', '2024-01-16T04:34:27.293Z'),
  ('25cdfe74-b4b2-4cfe-bd08-29cffda082c4', '官网建设', '这是项目20的详细描述', 'active', '2024-07-06T04:03:25.597Z', '2024-10-04T04:03:25.597Z', '6aebb53a-614e-4341-9282-17f21abac93b', NULL, 'PRJ00020', 'MAT00020', '产品20', '规格20', NULL, '82c65271-b302-4722-9a31-90c56fef7a8b', 'VIVO 移动通信有限公司', '马云', '13820000019', 'tech20@company.com', 'aab46720-889b-4e9d-b965-c92c58bd5a32', '13830000019', 'fa7616ea-9dba-438d-bfde-7c3529bd1a0b', 'fa7616ea-9dba-438d-bfde-7c3529bd1a0b', 'df3fe545-cb97-4680-8b18-d1655b900af2', 'dc6a3f91-a503-4d0d-87e8-c384f6cd25be', '2cf5c567-76a2-485e-b129-e4d81f0a62cc', 'a3913933-6b7b-4f84-96cd-2f79ea8fae17', '6d02896d-65e5-4212-914c-caed5b4204f3', '34c1d54c-beab-46cd-8dc1-2cbc32eb8c60', '34c1d54c-beab-46cd-8dc1-2cbc32eb8c60', '34c1d54c-beab-46cd-8dc1-2cbc32eb8c60', 'a30946c4-4bff-4174-9c70-6641eeaf7676', 'aab46720-889b-4e9d-b965-c92c58bd5a32', 'ORD00020', '2024-08-22T05:22:58.782Z', '2026-12-03T23:46:41.837Z', '89', 'CT00020', '合同20', '2024-07-25T17:53:56.834Z', NULL, NULL, NULL, 'none', NULL, '2025-11-25T01:37:45.598Z', '2024-11-23T05:43:29.331Z')
ON CONFLICT (id) DO NOTHING;

INSERT INTO "tasks" ("id", "project_id", "task_code", "title", "description", "status", "priority", "assignee", "assignee_id", "assignees", "task_members", "due_date", "planned_start_date", "actual_start_date", "planned_end_date", "actual_end_date", "created_at", "updated_at") VALUES
  ('3b05511a-8b97-4b83-9b7a-1e45042a9da2', '99dff50f-0e1f-42e2-a456-68924260264a', 'TSK00001', '代码审查 - 任务1', '任务描述1', 'in_progress', 'low', '黄峥', 'faaebc1c-7aed-43d6-b06f-9bc3e5a74ac9', NULL, NULL, '2025-04-03T15:45:29.943Z', '2024-08-26T12:23:47.959Z', '2025-11-09T02:36:33.197Z', '2026-07-19T15:55:54.195Z', '2025-04-02T14:19:46.344Z', '2024-02-01T10:25:43.980Z', '2025-01-01T23:29:26.794Z'),
  ('4a599611-92ce-4b60-a72d-bff4637ad204', 'f1840386-635d-4daa-8fce-8a22df519665', 'TSK00002', '后端开发 - 任务2', '任务描述2', 'completed', 'low', '马化腾', '34c1d54c-beab-46cd-8dc1-2cbc32eb8c60', NULL, NULL, '2026-12-16T12:56:35.506Z', '2025-04-28T23:21:36.665Z', '2024-09-05T12:20:24.989Z', '2025-04-03T20:29:53.775Z', '2026-06-10T05:19:32.381Z', '2024-11-27T01:34:45.812Z', '2025-03-17T06:12:54.408Z'),
  ('f14c48ea-5af1-4057-bca7-f81036cc5366', '2504310f-9d7c-4e0d-8fbe-cfacf0a1c8db', 'TSK00003', '接口开发 - 任务3', '任务描述3', 'todo', 'low', '程维', '2cf5c567-76a2-485e-b129-e4d81f0a62cc', NULL, NULL, '2026-10-05T07:03:27.999Z', '2025-02-05T02:12:15.442Z', '2024-12-15T07:59:49.316Z', '2025-03-11T13:32:20.904Z', '2025-10-19T23:28:58.008Z', '2024-01-25T14:17:05.442Z', '2024-03-26T11:37:57.482Z'),
  ('b3046e4b-fba6-4b32-9e6f-f77b9eb6bd80', 'ea33fefd-a749-41c4-a8e0-20964e49cf4e', 'TSK00004', '需求分析 - 任务4', '任务描述4', 'in_progress', 'high', '王五', 'df3fe545-cb97-4680-8b18-d1655b900af2', NULL, NULL, '2026-01-02T15:52:35.071Z', '2025-12-30T09:22:58.370Z', '2024-11-01T08:11:11.381Z', '2025-08-28T19:21:41.972Z', '2025-03-14T17:36:16.409Z', '2025-10-19T11:34:32.537Z', '2024-11-14T21:16:26.369Z'),
  ('7f1f8ee1-e748-4ba2-b2bf-8066d4bb7ef6', '2504310f-9d7c-4e0d-8fbe-cfacf0a1c8db', 'TSK00005', '数据库设计 - 任务5', '任务描述5', 'in_progress', 'high', '孙八', '9068539f-c76c-4c50-9f9d-feeba3598d08', NULL, NULL, '2026-07-28T21:25:19.472Z', '2025-05-26T02:29:41.048Z', '2025-09-19T08:27:44.291Z', '2025-03-30T06:01:30.770Z', '2026-02-12T04:16:28.647Z', '2025-06-03T12:42:43.723Z', '2025-10-18T18:16:06.015Z'),
  ('22770ae0-d83a-41ce-a565-95005abedd46', 'e1abed47-2393-4529-aec1-c83370baec4f', 'TSK00006', '数据库设计 - 任务6', '任务描述6', 'todo', 'medium', '李四', '7738499f-1437-4c6d-9122-5e8b97c66fdf', NULL, NULL, '2025-01-12T23:14:53.048Z', '2025-07-01T04:09:12.965Z', '2025-10-13T02:30:12.267Z', '2025-01-17T12:45:31.249Z', '2025-02-27T06:34:53.484Z', '2024-04-06T21:03:00.011Z', '2024-02-11T16:31:30.262Z'),
  ('5814d8f2-ec5e-4893-a688-973d99344b0d', '30ad535f-ae9a-4eb9-a20c-b45ca76b661d', 'TSK00007', '部署上线 - 任务7', '任务描述7', 'completed', 'low', '李四', 'fa7616ea-9dba-438d-bfde-7c3529bd1a0b', NULL, NULL, '2025-12-14T16:49:40.283Z', '2024-04-21T18:04:23.667Z', '2024-09-21T08:07:22.059Z', '2025-05-29T14:18:17.487Z', '2025-10-08T05:52:17.257Z', '2025-04-30T12:17:40.915Z', '2025-08-02T01:16:17.665Z'),
  ('3a5d0806-30d0-46f3-8030-bfaf67a54bcb', 'a3a44322-ae66-4a92-a375-7e797d4593e8', 'TSK00008', '系统设计 - 任务8', '任务描述8', 'completed', 'high', '李彦宏', '2cf5c567-76a2-485e-b129-e4d81f0a62cc', NULL, NULL, '2025-01-15T23:46:19.331Z', '2025-04-05T23:54:39.420Z', '2025-09-04T02:06:35.603Z', '2026-08-28T09:37:27.789Z', '2025-08-20T12:19:03.086Z', '2024-08-09T07:53:10.096Z', '2025-07-23T19:31:26.296Z'),
  ('59393c22-ec60-4628-a6ee-e96c855d345f', 'fe1be1ec-e5c5-4e73-a2d1-ddca62ba2bdd', 'TSK00009', '系统设计 - 任务9', '任务描述9', 'todo', 'high', '刘强东', '7bfe98fe-4c99-46d9-a347-1da2ec69a19b', NULL, NULL, '2025-12-29T21:16:03.630Z', '2024-04-29T08:33:31.275Z', '2024-07-19T07:02:35.523Z', '2026-03-23T20:22:21.898Z', '2026-06-26T04:42:09.219Z', '2025-03-02T18:47:02.614Z', '2024-11-15T17:40:35.651Z'),
  ('9e6ea704-7b3d-45b7-9080-e0bcef739cc8', '67f76fca-c203-410c-b7d5-3b29ce59341c', 'TSK00010', '集成测试 - 任务10', '任务描述10', 'todo', 'low', '李彦宏', 'd820cb9c-1607-4859-b04e-d5671e7fd6fa', NULL, NULL, '2025-09-26T05:26:43.044Z', '2025-05-30T09:58:38.059Z', '2024-05-30T16:17:28.597Z', '2025-02-20T14:46:24.181Z', '2026-10-08T07:54:34.783Z', '2024-04-17T19:11:20.547Z', '2024-02-13T22:26:16.362Z'),
  ('d5c6aec7-88a4-4d79-8ecd-37d1a9d94bc7', 'e7219390-af57-418f-bc5d-6d817d093e6d', 'TSK00011', '系统设计 - 任务11', '任务描述11', 'todo', 'low', '周九', '57a0ece9-99f0-4bca-9cd2-e17f8b4f861e', NULL, NULL, '2026-01-18T21:15:46.882Z', '2025-04-26T15:22:44.024Z', '2024-03-22T03:02:53.251Z', '2025-02-01T15:12:35.775Z', '2026-02-13T20:35:52.128Z', '2025-06-29T01:39:55.035Z', '2025-04-16T19:58:50.089Z'),
  ('7e10312a-ea8e-4640-ae18-ba2dd414f993', '614cdf9f-a865-4402-9004-345563af16c1', 'TSK00012', '运维支持 - 任务12', '任务描述12', 'todo', 'high', '吴十', 'a30946c4-4bff-4174-9c70-6641eeaf7676', NULL, NULL, '2026-02-20T12:06:48.795Z', '2025-12-21T11:08:10.642Z', '2024-11-21T09:02:55.632Z', '2025-09-13T11:28:32.277Z', '2026-01-05T12:40:44.993Z', '2024-03-03T00:22:31.018Z', '2024-11-21T14:30:15.237Z'),
  ('b93fe232-91de-4b41-bc3e-d19011d1d1be', 'ed6aa622-525f-48c9-8880-9f3f658b9865', 'TSK00013', '数据库设计 - 任务13', '任务描述13', 'completed', 'low', '王菲', 'faaebc1c-7aed-43d6-b06f-9bc3e5a74ac9', NULL, NULL, '2025-10-22T02:44:54.564Z', '2025-11-26T08:37:53.833Z', '2024-08-09T08:36:01.992Z', '2026-01-28T14:13:01.692Z', '2025-04-23T03:04:05.850Z', '2025-09-21T14:11:30.590Z', '2025-09-23T22:21:08.030Z'),
  ('68539ce8-cbcd-444d-82dc-9f6edc06ee57', 'ed6aa622-525f-48c9-8880-9f3f658b9865', 'TSK00014', '代码审查 - 任务14', '任务描述14', 'in_progress', 'low', '王小川', 'df3fe545-cb97-4680-8b18-d1655b900af2', NULL, NULL, '2026-06-29T00:26:14.953Z', '2024-08-13T04:55:21.049Z', '2024-08-09T07:32:59.207Z', '2025-12-19T08:01:40.530Z', '2025-04-21T08:38:29.925Z', '2024-04-09T13:09:53.492Z', '2024-06-21T13:32:33.811Z'),
  ('9ffdc2cf-f62e-441a-9ade-d471047039be', '32f8ea7d-151b-4a64-af36-71d211748b88', 'TSK00015', '后端开发 - 任务15', '任务描述15', 'in_progress', 'high', '王五', '57a0ece9-99f0-4bca-9cd2-e17f8b4f861e', NULL, NULL, '2026-05-26T20:08:10.564Z', '2025-10-11T01:02:13.146Z', '2024-02-11T12:05:59.019Z', '2026-08-18T03:34:23.260Z', '2026-08-26T00:10:37.641Z', '2025-05-13T02:02:27.695Z', '2025-03-22T21:30:59.328Z'),
  ('497a929f-a479-457e-bd5d-6d6fca584b69', '25cdfe74-b4b2-4cfe-bd08-29cffda082c4', 'TSK00016', '性能优化 - 任务16', '任务描述16', 'in_progress', 'high', '王菲', '7bfe98fe-4c99-46d9-a347-1da2ec69a19b', NULL, NULL, '2025-08-28T03:46:07.615Z', '2025-02-13T14:20:51.611Z', '2025-08-18T18:26:15.441Z', '2026-03-29T13:38:15.295Z', '2025-02-07T08:12:10.870Z', '2025-07-29T15:30:50.514Z', '2024-07-05T19:39:12.866Z'),
  ('3bdc100a-c618-4561-b9e2-7b689d572d54', '32f8ea7d-151b-4a64-af36-71d211748b88', 'TSK00017', '用户培训 - 任务17', '任务描述17', 'completed', 'high', '钱七', 'e16c695c-d799-4e58-8b46-8ec748006c06', NULL, NULL, '2025-04-22T14:49:01.439Z', '2025-03-22T19:43:53.368Z', '2025-07-22T04:38:34.137Z', '2025-08-10T16:09:02.358Z', '2026-11-14T04:26:45.932Z', '2024-07-10T20:35:59.918Z', '2025-03-28T12:25:59.103Z'),
  ('da734d2c-9f73-4407-8151-be4b535ac734', 'abd88139-c278-44e8-8ef2-558f6062bdf5', 'TSK00018', '部署上线 - 任务18', '任务描述18', 'in_progress', 'high', '黄峥', '7bfe98fe-4c99-46d9-a347-1da2ec69a19b', NULL, NULL, '2026-06-02T03:29:16.602Z', '2025-07-20T00:11:52.664Z', '2025-07-15T03:00:33.970Z', '2025-07-27T17:51:11.518Z', '2025-04-29T18:50:15.266Z', '2025-06-16T00:31:28.249Z', '2024-03-31T18:03:01.747Z'),
  ('2eb61c3d-9f82-4949-9915-688c1bad4eb7', 'f1840386-635d-4daa-8fce-8a22df519665', 'TSK00019', '数据库设计 - 任务19', '任务描述19', 'completed', 'medium', '王菲', '3a51a3d4-62dc-42e3-9bcb-8653a10e6fbd', NULL, NULL, '2026-04-09T06:04:51.508Z', '2024-12-03T07:43:44.107Z', '2024-07-09T22:59:58.612Z', '2026-04-15T05:46:11.033Z', '2025-10-14T10:42:25.090Z', '2024-10-27T08:41:29.426Z', '2025-05-26T09:55:45.311Z'),
  ('1c7f5b2e-1510-4f50-87fb-35bbee1c6609', '67f76fca-c203-410c-b7d5-3b29ce59341c', 'TSK00020', '运维支持 - 任务20', '任务描述20', 'completed', 'low', '张一鸣', '57a0ece9-99f0-4bca-9cd2-e17f8b4f861e', NULL, NULL, '2026-12-08T17:31:32.573Z', '2024-03-01T11:30:11.461Z', '2025-02-08T03:33:38.506Z', '2026-01-27T20:32:26.289Z', '2026-01-20T04:49:03.640Z', '2024-08-06T00:04:08.913Z', '2024-07-26T10:27:41.769Z'),
  ('2a34833b-454b-4ad3-92cf-19ee544b6b90', '5206785f-57e6-4876-a67f-a487ae8c43b5', 'TSK00021', '需求分析 - 任务21', '任务描述21', 'completed', 'high', '周九', 'd820cb9c-1607-4859-b04e-d5671e7fd6fa', NULL, NULL, '2026-08-27T00:00:12.426Z', '2025-11-24T09:33:29.520Z', '2025-01-03T17:08:33.298Z', '2026-07-01T17:17:18.134Z', '2026-10-26T15:58:29.579Z', '2024-03-16T02:46:17.493Z', '2025-01-01T21:56:56.308Z'),
  ('ff4f9ba2-79f9-4fb3-a581-c0d755bcf5b7', '2504310f-9d7c-4e0d-8fbe-cfacf0a1c8db', 'TSK00022', '代码审查 - 任务22', '任务描述22', 'completed', 'low', '吴十', '2cf5c567-76a2-485e-b129-e4d81f0a62cc', NULL, NULL, '2026-08-10T09:37:00.256Z', '2025-11-25T19:10:16.007Z', '2025-02-02T02:28:12.173Z', '2025-04-09T20:09:11.940Z', '2026-02-18T16:04:38.187Z', '2025-09-09T06:06:17.160Z', '2025-04-07T11:57:41.985Z'),
  ('85254e5e-c8b9-41c0-a050-129233a0738f', 'fe1be1ec-e5c5-4e73-a2d1-ddca62ba2bdd', 'TSK00023', '数据库设计 - 任务23', '任务描述23', 'in_progress', 'medium', '郑一', '78b78618-506e-405d-b1f4-4f5bcf2a9fa3', NULL, NULL, '2025-05-22T12:36:33.234Z', '2024-03-14T11:04:40.316Z', '2025-02-20T12:43:41.573Z', '2026-05-23T00:04:50.942Z', '2025-12-03T22:57:10.941Z', '2025-09-28T20:27:41.570Z', '2024-09-24T04:54:35.509Z'),
  ('5e8cde6c-7d82-46c8-8795-84d2da9d0913', '99dff50f-0e1f-42e2-a456-68924260264a', 'TSK00024', '需求分析 - 任务24', '任务描述24', 'completed', 'medium', '吴十', 'fa7616ea-9dba-438d-bfde-7c3529bd1a0b', NULL, NULL, '2026-09-02T08:09:26.546Z', '2024-06-26T02:13:27.636Z', '2025-06-01T10:48:01.855Z', '2026-12-03T15:11:21.778Z', '2025-12-30T06:44:25.468Z', '2024-09-19T17:28:51.717Z', '2025-08-15T05:49:11.583Z'),
  ('13fa5270-ec53-4621-ad11-be5a7c75a5e9', 'f1840386-635d-4daa-8fce-8a22df519665', 'TSK00025', '用户培训 - 任务25', '任务描述25', 'in_progress', 'medium', '王菲', 'aab46720-889b-4e9d-b965-c92c58bd5a32', NULL, NULL, '2025-02-02T14:16:05.771Z', '2025-06-24T08:58:57.126Z', '2025-10-28T04:41:42.027Z', '2025-08-18T05:01:46.270Z', '2026-01-16T04:21:59.952Z', '2024-06-10T11:26:25.329Z', '2025-11-03T01:44:34.266Z'),
  ('5421300c-05b1-47e8-89a2-297f955179dd', '99dff50f-0e1f-42e2-a456-68924260264a', 'TSK00026', 'Bug 修复 - 任务26', '任务描述26', 'completed', 'low', '赵六', 'a3913933-6b7b-4f84-96cd-2f79ea8fae17', NULL, NULL, '2025-03-07T20:55:10.189Z', '2024-06-29T12:07:52.744Z', '2025-06-25T19:00:10.785Z', '2026-04-17T00:11:30.217Z', '2026-07-31T03:44:36.746Z', '2025-11-05T01:27:06.805Z', '2024-06-19T01:56:14.886Z'),
  ('b1efaa0f-4a00-4531-a07f-be93216106d9', 'abd88139-c278-44e8-8ef2-558f6062bdf5', 'TSK00027', '运维支持 - 任务27', '任务描述27', 'todo', 'medium', '张一鸣', 'dc6a3f91-a503-4d0d-87e8-c384f6cd25be', NULL, NULL, '2025-04-29T07:27:03.665Z', '2025-09-20T13:09:44.898Z', '2025-07-29T03:46:49.197Z', '2025-02-17T16:47:13.393Z', '2026-07-27T04:52:35.890Z', '2025-01-19T11:33:26.892Z', '2024-12-16T19:50:04.728Z'),
  ('fe01ac84-bda0-4280-be01-f440e4982637', '99dff50f-0e1f-42e2-a456-68924260264a', 'TSK00028', '部署上线 - 任务28', '任务描述28', 'todo', 'medium', '郑一', '9068539f-c76c-4c50-9f9d-feeba3598d08', NULL, NULL, '2025-04-03T11:43:14.672Z', '2024-05-25T07:59:12.006Z', '2024-01-05T14:55:59.939Z', '2025-06-06T18:10:13.382Z', '2025-05-10T05:40:54.753Z', '2025-12-03T09:12:43.409Z', '2025-05-15T05:13:35.993Z'),
  ('2005c456-4ed4-4b06-9c57-010005c42c1f', '30ad535f-ae9a-4eb9-a20c-b45ca76b661d', 'TSK00029', '前端开发 - 任务29', '任务描述29', 'in_progress', 'low', '孙八', '7738499f-1437-4c6d-9122-5e8b97c66fdf', NULL, NULL, '2026-11-20T23:35:46.596Z', '2025-12-15T21:21:15.521Z', '2025-02-13T04:39:10.220Z', '2026-12-11T23:58:57.526Z', '2025-03-06T03:23:43.326Z', '2025-03-17T05:31:34.113Z', '2025-10-09T08:47:01.479Z'),
  ('8db1fc57-7d71-4a33-a238-95f2ca759b94', 'e1abed47-2393-4529-aec1-c83370baec4f', 'TSK00030', '代码审查 - 任务30', '任务描述30', 'in_progress', 'medium', '马云', 'aab46720-889b-4e9d-b965-c92c58bd5a32', NULL, NULL, '2026-05-02T19:38:55.180Z', '2024-07-31T03:49:05.197Z', '2025-04-03T06:54:36.400Z', '2026-06-17T00:06:50.440Z', '2025-01-24T03:25:13.239Z', '2025-10-25T11:54:37.204Z', '2025-02-10T13:27:34.197Z'),
  ('71194742-3b3e-4a96-bfb5-fc4796b9429a', '5206785f-57e6-4876-a67f-a487ae8c43b5', 'TSK00031', '单元测试 - 任务31', '任务描述31', 'completed', 'medium', '黄峥', '7bfe98fe-4c99-46d9-a347-1da2ec69a19b', NULL, NULL, '2026-08-26T16:17:40.504Z', '2025-11-27T22:05:32.716Z', '2025-03-23T07:11:10.099Z', '2025-01-28T11:30:33.187Z', '2026-02-15T06:42:06.279Z', '2024-12-05T17:57:50.968Z', '2024-01-01T06:13:32.717Z'),
  ('150dab35-84cd-4376-babc-a500cfc34914', 'ea33fefd-a749-41c4-a8e0-20964e49cf4e', 'TSK00032', '性能优化 - 任务32', '任务描述32', 'todo', 'high', '张一鸣', '7bfe98fe-4c99-46d9-a347-1da2ec69a19b', NULL, NULL, '2026-05-16T07:38:49.369Z', '2024-05-17T10:16:07.902Z', '2025-07-09T06:21:27.396Z', '2025-12-09T04:07:55.746Z', '2026-07-06T11:55:08.662Z', '2024-09-17T00:47:25.765Z', '2024-10-06T13:31:31.098Z'),
  ('0e0dab05-9d85-4a5f-be55-baf72d691fa3', '99dff50f-0e1f-42e2-a456-68924260264a', 'TSK00033', '前端开发 - 任务33', '任务描述33', 'completed', 'low', '雷军', 'e16c695c-d799-4e58-8b46-8ec748006c06', NULL, NULL, '2026-10-27T14:08:42.589Z', '2024-10-07T01:47:09.377Z', '2024-11-17T13:49:39.595Z', '2025-01-24T00:40:24.839Z', '2025-10-28T22:17:53.118Z', '2025-07-17T03:18:32.466Z', '2024-07-23T23:31:02.656Z'),
  ('37f47210-82bd-4d0d-87c2-2d5030746e30', 'fa15107e-9395-432f-9b50-c4ddd9eb45ba', 'TSK00034', 'Bug 修复 - 任务34', '任务描述34', 'completed', 'high', '郑一', '57a0ece9-99f0-4bca-9cd2-e17f8b4f861e', NULL, NULL, '2026-08-27T02:32:18.280Z', '2025-05-13T00:55:26.995Z', '2025-02-12T23:12:09.459Z', '2025-11-21T10:46:51.956Z', '2025-02-24T08:13:37.587Z', '2025-04-23T10:53:24.488Z', '2025-08-17T10:45:40.866Z'),
  ('33a5aa13-ad53-4ec2-bb36-33adda75fb7c', 'e1abed47-2393-4529-aec1-c83370baec4f', 'TSK00035', '需求分析 - 任务35', '任务描述35', 'todo', 'medium', '李四', '57a0ece9-99f0-4bca-9cd2-e17f8b4f861e', NULL, NULL, '2025-06-29T21:59:32.835Z', '2025-09-04T01:45:47.807Z', '2024-12-18T04:22:07.310Z', '2025-12-11T14:37:55.431Z', '2026-10-05T10:01:14.316Z', '2024-07-08T14:28:30.854Z', '2024-12-17T08:04:06.961Z'),
  ('5e152e1a-869e-43cf-a21f-6d0c4f69a70f', '614cdf9f-a865-4402-9004-345563af16c1', 'TSK00036', '数据库设计 - 任务36', '任务描述36', 'completed', 'low', '宿华', '34c1d54c-beab-46cd-8dc1-2cbc32eb8c60', NULL, NULL, '2025-02-19T16:21:03.975Z', '2025-06-04T19:24:13.299Z', '2024-10-04T18:13:00.454Z', '2025-07-05T15:18:34.568Z', '2026-03-16T21:09:38.792Z', '2024-11-01T19:53:38.670Z', '2025-10-20T05:34:32.466Z'),
  ('c144a80e-c99e-4ebf-8c9f-045124f7ba81', 'fa15107e-9395-432f-9b50-c4ddd9eb45ba', 'TSK00037', '运维支持 - 任务37', '任务描述37', 'todo', 'medium', '张一鸣', 'dc6a3f91-a503-4d0d-87e8-c384f6cd25be', NULL, NULL, '2026-08-25T14:05:38.815Z', '2025-09-15T09:23:22.963Z', '2025-03-09T16:08:47.512Z', '2025-12-19T21:46:49.510Z', '2025-05-08T16:56:45.842Z', '2025-04-19T06:53:12.122Z', '2024-03-31T10:48:41.938Z'),
  ('5b1eb4d6-98d6-4ffa-9b4a-8609f5d752b0', 'fa15107e-9395-432f-9b50-c4ddd9eb45ba', 'TSK00038', '系统设计 - 任务38', '任务描述38', 'todo', 'high', '吴十', '9068539f-c76c-4c50-9f9d-feeba3598d08', NULL, NULL, '2026-03-16T12:28:10.655Z', '2025-03-10T16:38:11.474Z', '2025-11-05T08:19:41.733Z', '2026-01-19T13:47:50.932Z', '2025-08-03T22:54:30.495Z', '2025-01-13T01:31:29.578Z', '2024-05-14T09:23:10.879Z'),
  ('73e335ec-cb13-4068-aca0-7b61f32d6b62', 'ed6aa622-525f-48c9-8880-9f3f658b9865', 'TSK00039', '集成测试 - 任务39', '任务描述39', 'in_progress', 'medium', '马云', '6aebb53a-614e-4341-9282-17f21abac93b', NULL, NULL, '2026-01-31T02:53:44.556Z', '2025-07-27T04:31:52.680Z', '2024-02-14T12:41:43.356Z', '2026-06-28T05:10:19.094Z', '2026-10-18T16:00:03.836Z', '2025-05-18T22:03:50.208Z', '2024-04-18T00:16:25.835Z'),
  ('cd6d5f7a-22ce-4ae6-823b-4cf2706188cc', 'e1abed47-2393-4529-aec1-c83370baec4f', 'TSK00040', '系统设计 - 任务40', '任务描述40', 'completed', 'low', '宿华', '6d02896d-65e5-4212-914c-caed5b4204f3', NULL, NULL, '2026-06-10T08:45:32.305Z', '2025-10-15T21:02:31.269Z', '2024-07-02T08:36:58.628Z', '2026-11-18T19:46:17.458Z', '2025-03-26T09:24:31.446Z', '2024-05-22T06:22:06.531Z', '2025-04-19T07:42:54.039Z')
ON CONFLICT (id) DO NOTHING;

INSERT INTO "contracts" ("id", "contract_code", "contract_name", "contract_date", "customer_code", "customer_id", "customer_name", "contract_amount", "technical_manager", "technical_phone", "procurement_manager", "procurement_phone", "attachment1_url", "attachment2_url", "attachment3_url", "status", "approval_status", "approval_request_id", "created_at", "updated_at") VALUES
  ('ac8e6d06-7627-47a0-b6bd-8575e8a6d6ca', 'CT00001', '合同1', '2025-08-08T21:07:04.724Z', 'CUST00012', 'c50aff1e-1e3a-4af7-9859-7dca6dcf1236', '宁德时代新能源科技股份有限公司', '616352.82', '黄峥', '13840000000', '雷军', '13850000000', NULL, NULL, NULL, 'expired', 'none', NULL, '2025-06-25T04:23:51.835Z', '2024-06-02T15:10:52.816Z'),
  ('f0796afb-46b4-4711-bafb-b4197e0398e6', 'CT00002', '合同2', '2024-05-27T14:40:53.072Z', 'CUST00007', '5910fc57-2889-4104-b47c-cea005f625f1', '京东集团', '283974.26', '李四', '13840000001', '赵六', '13850000001', NULL, NULL, NULL, 'active', 'none', NULL, '2024-01-27T16:02:29.942Z', '2025-10-29T05:22:38.251Z'),
  ('684a5b47-e891-4cec-b6f1-598bda4f754d', 'CT00003', '合同3', '2024-08-06T19:15:05.175Z', 'CUST00008', 'c61c1d58-057d-45aa-bc59-95822177eb4d', '小米集团', '939590.48', '郑一', '13840000002', '周九', '13850000002', NULL, NULL, NULL, 'expired', 'none', NULL, '2024-05-30T21:40:11.228Z', '2025-02-18T08:08:27.243Z'),
  ('4b88c6f7-b162-434e-a584-fd1df3c82a17', 'CT00004', '合同4', '2025-04-19T07:55:49.782Z', 'CUST00011', '0ea2cce8-201b-4ead-ba6d-c205bfa4adb0', '比亚迪股份有限公司', '806733.29', '李彦宏', '13840000003', '宿华', '13850000003', NULL, NULL, NULL, 'expired', 'none', NULL, '2025-08-05T05:15:07.531Z', '2024-09-16T22:44:46.459Z'),
  ('a372b379-9d3e-4d4f-a01d-ca6a470feca9', 'CT00005', '合同5', '2025-11-11T21:35:37.752Z', 'CUST00006', '735fead9-4c98-4f27-a69e-d4c2e251666e', '美团科技有限公司', '1039188.59', '孙八', '13840000004', '吴十', '13850000004', NULL, NULL, NULL, 'terminated', 'none', NULL, '2025-11-13T01:44:09.158Z', '2024-11-17T19:58:51.924Z'),
  ('3712c017-e477-4ab1-9cc2-6621d22d0341', 'CT00006', '合同6', '2024-05-02T17:19:23.246Z', 'CUST00006', '735fead9-4c98-4f27-a69e-d4c2e251666e', '美团科技有限公司', '476512.60', '程维', '13840000005', '张一鸣', '13850000005', NULL, NULL, NULL, 'expired', 'none', NULL, '2025-06-21T07:15:28.795Z', '2024-04-21T02:10:56.454Z'),
  ('cee00995-610b-4f5e-92bf-e9eccfebdf42', 'CT00007', '合同7', '2024-04-30T05:10:06.919Z', 'CUST00019', 'e1861ff7-1795-4b21-8dbf-b7663c9cd25c', '联想集团', '376972.91', '张一鸣', '13840000006', '郑一', '13850000006', NULL, NULL, NULL, 'expired', 'none', NULL, '2025-03-24T23:56:14.976Z', '2025-08-02T11:53:31.840Z'),
  ('068d0bf3-b627-4966-afe6-5922659f8a2c', 'CT00008', '合同8', '2025-05-22T20:05:13.043Z', 'CUST00004', 'd14fe488-8975-4e02-a2a3-3645b0e5f035', '百度集团', '348282.48', '雷军', '13840000007', '黄峥', '13850000007', NULL, NULL, NULL, 'terminated', 'none', NULL, '2024-08-24T18:00:32.539Z', '2024-07-07T15:55:15.652Z'),
  ('1b74bc69-bdb8-4a10-b2b3-42247c7b2a33', 'CT00009', '合同9', '2025-03-24T20:11:48.181Z', 'CUST00014', 'df4517b4-065d-4653-a9f3-9958c81b87c0', '美的集团', '955442.22', '黄峥', '13840000008', '马云', '13850000008', NULL, NULL, NULL, 'expired', 'none', NULL, '2024-03-11T10:55:05.901Z', '2025-11-15T07:59:33.456Z'),
  ('bc39ea09-351a-4cb6-9259-82654d698c78', 'CT00010', '合同10', '2025-08-03T05:51:41.466Z', 'CUST00016', '37b091b6-ca5c-4aa6-90dc-2826fb181e12', 'TCL 科技集团股份有限公司', '427630.99', '周九', '13840000009', '刘强东', '13850000009', NULL, NULL, NULL, 'expired', 'none', NULL, '2025-04-30T18:28:06.641Z', '2025-05-28T03:09:35.830Z'),
  ('f33252c9-ae4b-4201-b881-844580d281d2', 'CT00011', '合同11', '2024-09-25T12:15:36.039Z', 'CUST00013', 'ed462caa-2e72-4343-829d-8023d3b0497d', '格力电器股份有限公司', '65782.68', '吴十', '13840000010', '张三', '13850000010', NULL, NULL, NULL, 'terminated', 'none', NULL, '2025-02-22T07:42:49.661Z', '2024-06-16T03:56:10.883Z'),
  ('51f66da1-40a9-47d7-813d-40b7f4975cd2', 'CT00012', '合同12', '2024-02-04T14:41:17.204Z', 'CUST00016', '37b091b6-ca5c-4aa6-90dc-2826fb181e12', 'TCL 科技集团股份有限公司', '969941.92', '李四', '13840000011', '吴十', '13850000011', NULL, NULL, NULL, 'active', 'none', NULL, '2025-11-17T21:23:53.949Z', '2025-10-07T22:11:27.226Z'),
  ('f30fd388-60a2-4e97-bacd-cf68af8aac34', 'CT00013', '合同13', '2025-05-11T11:57:47.744Z', 'CUST00015', '85de2b68-e836-43cb-91a7-8a11315a8c9c', '海尔智家股份有限公司', '648537.63', '钱七', '13840000012', '黄峥', '13850000012', NULL, NULL, NULL, 'active', 'none', NULL, '2025-06-24T09:55:18.393Z', '2025-06-05T13:18:09.538Z'),
  ('1df3ff28-7565-4fcc-8d65-f35bebd24a9f', 'CT00014', '合同14', '2024-02-20T16:50:55.385Z', 'CUST00016', '37b091b6-ca5c-4aa6-90dc-2826fb181e12', 'TCL 科技集团股份有限公司', '791388.85', '钱七', '13840000013', '周九', '13850000013', NULL, NULL, NULL, 'expired', 'none', NULL, '2024-02-21T18:42:08.327Z', '2025-09-28T02:44:36.647Z'),
  ('aeeff276-4678-4733-8954-72b64d864289', 'CT00015', '合同15', '2024-06-05T07:05:37.883Z', 'CUST00010', '82c65271-b302-4722-9a31-90c56fef7a8b', 'VIVO 移动通信有限公司', '452012.61', '黄峥', '13840000014', '吴十', '13850000014', NULL, NULL, NULL, 'terminated', 'none', NULL, '2024-07-27T08:48:57.651Z', '2025-02-13T13:42:35.325Z'),
  ('bfaf7f57-b0fb-4fb1-8d50-6668d72f7796', 'CT00016', '合同16', '2024-01-02T20:05:45.663Z', 'CUST00017', '88c769aa-9d78-4898-b94e-69a2d7ddb366', '海信集团', '701099.25', '王菲', '13840000015', '宿华', '13850000015', NULL, NULL, NULL, 'expired', 'none', NULL, '2025-05-13T15:48:17.577Z', '2024-04-11T14:21:27.472Z'),
  ('4ef5c925-01b5-49d8-814c-3dc3691c7101', 'CT00017', '合同17', '2025-06-03T07:20:04.030Z', 'CUST00017', '88c769aa-9d78-4898-b94e-69a2d7ddb366', '海信集团', '490085.55', '吴十', '13840000016', '马化腾', '13850000016', NULL, NULL, NULL, 'active', 'none', NULL, '2024-02-22T16:20:34.772Z', '2025-11-25T21:05:21.621Z'),
  ('6ee8e906-9e57-4bf0-afee-6b012fa94286', 'CT00018', '合同18', '2025-07-22T06:30:28.722Z', 'CUST00015', '85de2b68-e836-43cb-91a7-8a11315a8c9c', '海尔智家股份有限公司', '74421.15', '孙八', '13840000017', '刘强东', '13850000017', NULL, NULL, NULL, 'terminated', 'none', NULL, '2025-04-26T23:01:54.945Z', '2024-11-10T19:38:02.800Z'),
  ('1206c7ae-7556-4723-9e3d-72d6f486abfe', 'CT00019', '合同19', '2025-07-22T07:08:40.856Z', 'CUST00016', '37b091b6-ca5c-4aa6-90dc-2826fb181e12', 'TCL 科技集团股份有限公司', '593249.07', '郑一', '13840000018', '郑一', '13850000018', NULL, NULL, NULL, 'active', 'none', NULL, '2025-10-09T22:33:28.330Z', '2025-05-02T06:00:20.273Z'),
  ('1429b314-51db-4c06-9f80-6dd7fe537dc1', 'CT00020', '合同20', '2024-12-04T10:49:21.258Z', 'CUST00012', 'c50aff1e-1e3a-4af7-9859-7dca6dcf1236', '宁德时代新能源科技股份有限公司', '741073.10', '孙八', '13840000019', '程维', '13850000019', NULL, NULL, NULL, 'expired', 'none', NULL, '2025-03-21T15:36:07.241Z', '2025-09-20T19:10:43.214Z')
ON CONFLICT (id) DO NOTHING;

INSERT INTO "orders" ("id", "order_number", "order_date", "contract_code", "customer_code", "customer_name", "material_code", "project_name", "specification", "quantity", "delivery_date", "actual_delivery_date", "status", "project_progress", "payment_terms", "order_amount", "prepay_ratio", "prepay_amount", "prepay_received", "prepay_date", "prepay_invoice_amount", "prepay_invoice_date", "prepay_invoiced", "arrival_amount", "arrival_received", "arrival_date", "arrival_invoice_amount", "arrival_invoice_date", "arrival_invoiced", "arrival_ratio", "acceptance_ratio", "acceptance_amount", "acceptance_received", "acceptance_date", "acceptance_invoice_amount", "acceptance_invoice_date", "acceptance_invoiced", "warranty_ratio", "warranty_amount", "warranty_received", "warranty_date", "warranty_invoice_amount", "warranty_invoice_date", "warranty_invoiced", "notes", "approval_status", "approval_request_id", "created_at", "updated_at") VALUES
  ('2088eab9-05ae-485b-a42d-e2db09f306fe', 'PO10001', '2025-09-16T14:02:17.561Z', 'CT00004', 'CUST00014', '美的集团', 'MAT00014', '官网建设', '规格1', '91', '2025-10-16T14:02:17.561Z', NULL, 'processing', '30%', '验收合格后 30 天内付款', '947452.43', '30%', '71025.27', FALSE, '2024-11-02T21:11:31.887Z', '299245.76', '2024-06-20T09:28:09.894Z', FALSE, '445661.11', FALSE, '2024-12-21T01:46:01.846Z', '419910.94', '2025-11-27T08:38:37.573Z', TRUE, '40%', '20%', '96371.14', TRUE, '2025-12-22T09:56:02.183Z', '186865.13', '2024-09-30T11:18:02.132Z', TRUE, '10%', '34151.67', TRUE, '2026-07-04T11:58:36.181Z', '2393.41', '2026-06-07T05:21:47.110Z', FALSE, '订单备注1', 'none', NULL, '2025-07-02T14:05:23.253Z', '2025-09-22T07:10:09.092Z'),
  ('051d6660-f3dc-417b-bd6b-9a632a8ee420', 'PO10002', '2024-02-23T00:09:58.931Z', 'CT00004', 'CUST00008', '小米集团', 'MAT00017', 'BI 商业智能系统', '规格2', '67', '2024-03-24T00:09:58.931Z', NULL, 'processing', '70%', '验收合格后 30 天内付款', '594352.31', '30%', '194801.32', FALSE, '2025-10-30T19:51:33.804Z', '130580.66', '2025-09-21T18:44:40.803Z', FALSE, '236807.39', FALSE, '2025-05-23T18:26:36.743Z', '345498.95', '2025-02-09T19:28:16.113Z', FALSE, '40%', '20%', '80379.32', TRUE, '2025-08-11T13:40:17.341Z', '178655.29', '2024-10-20T22:13:41.128Z', FALSE, '10%', '53306.60', FALSE, '2026-02-18T06:50:45.139Z', '54152.89', '2027-03-10T20:04:29.259Z', TRUE, '订单备注2', 'none', NULL, '2025-08-12T20:03:08.809Z', '2025-11-06T19:46:35.990Z'),
  ('1e026be4-de7a-41c1-8154-a355bbbb4ef5', 'PO10003', '2025-08-06T15:25:20.231Z', 'CT00008', 'CUST00006', '美团科技有限公司', 'MAT00020', 'BI 商业智能系统', '规格3', '48', '2025-09-05T15:25:20.231Z', NULL, 'completed', '90%', '验收合格后 30 天内付款', '412272.61', '30%', '68177.93', TRUE, '2025-08-31T23:05:57.313Z', '105588.86', '2025-03-17T02:27:18.801Z', TRUE, '434929.19', TRUE, '2024-07-22T02:10:10.033Z', '140725.66', '2025-10-14T00:53:22.403Z', FALSE, '40%', '20%', '87708.23', FALSE, '2025-12-02T06:06:07.017Z', '61050.58', '2024-04-03T03:30:08.551Z', FALSE, '10%', '22589.52', FALSE, '2026-07-25T16:19:42.129Z', '99852.59', '2027-02-12T11:47:21.137Z', TRUE, '订单备注3', 'none', NULL, '2025-09-04T03:44:39.111Z', '2025-06-14T23:26:57.146Z'),
  ('d0c807a6-e0eb-4831-9664-4e70ed8e2d9d', 'PO10004', '2024-10-13T21:02:06.667Z', 'CT00007', 'CUST00014', '美的集团', 'MAT00001', '大数据分析平台', '规格4', '81', '2024-11-12T21:02:06.667Z', NULL, 'delivered', '50%', '验收合格后 30 天内付款', '189085.84', '30%', '188900.46', TRUE, '2024-05-31T01:25:45.090Z', '159533.75', '2025-07-13T23:39:56.314Z', FALSE, '229371.85', TRUE, '2024-03-25T03:13:47.263Z', '389822.39', '2025-03-05T03:04:10.356Z', FALSE, '40%', '20%', '144286.85', FALSE, '2025-11-03T07:44:03.507Z', '36172.14', '2024-07-13T09:19:02.825Z', FALSE, '10%', '55443.69', TRUE, '2027-03-11T12:54:11.444Z', '81182.63', '2026-11-27T14:09:26.498Z', FALSE, '订单备注4', 'none', NULL, '2024-05-23T18:57:15.526Z', '2025-02-25T22:54:12.396Z'),
  ('cfb1e957-1e40-46e9-b07a-1fac846e0400', 'PO10005', '2025-08-30T12:21:23.645Z', 'CT00013', 'CUST00003', '阿里巴巴集团', 'MAT00013', 'IoT 物联网平台', '规格5', '57', '2025-09-29T12:21:23.645Z', NULL, 'processing', '100%', '验收合格后 30 天内付款', '769805.97', '30%', '134218.76', TRUE, '2025-04-24T22:21:55.596Z', '23641.68', '2025-12-24T20:41:43.269Z', TRUE, '413576.82', TRUE, '2024-01-01T09:48:28.749Z', '131369.75', '2024-01-06T10:14:17.276Z', TRUE, '40%', '20%', '77296.54', TRUE, '2024-12-17T17:08:05.397Z', '164539.76', '2025-02-15T02:14:42.794Z', TRUE, '10%', '98712.80', TRUE, '2027-09-17T10:28:30.243Z', '29193.88', '2026-09-07T03:39:07.765Z', FALSE, '订单备注5', 'none', NULL, '2024-07-25T04:18:53.157Z', '2025-10-27T09:24:11.204Z'),
  ('62fea51e-8791-441e-bd97-3ba8e862ed64', 'PO10006', '2024-05-03T18:14:33.935Z', 'CT00020', 'CUST00009', 'OPPO 广东移动通信有限公司', 'MAT00012', 'ERP 管理系统', '规格6', '69', '2024-06-02T18:14:33.935Z', NULL, 'processing', '10%', '验收合格后 30 天内付款', '428210.75', '30%', '296528.03', FALSE, '2024-02-23T02:10:10.948Z', '49627.74', '2025-07-22T14:00:46.780Z', FALSE, '65484.74', FALSE, '2025-08-04T04:44:06.915Z', '170140.43', '2024-01-04T01:10:09.659Z', FALSE, '40%', '20%', '108702.09', FALSE, '2025-03-11T00:58:08.274Z', '130729.04', '2025-05-01T02:06:57.134Z', FALSE, '10%', '98523.07', TRUE, '2027-05-02T11:33:03.696Z', '51834.34', '2026-05-10T05:59:25.350Z', TRUE, '订单备注6', 'none', NULL, '2025-01-05T11:28:42.532Z', '2025-08-09T21:32:50.204Z'),
  ('8dbc7b97-4d2c-4b3b-83d8-e01edca348e6', 'PO10007', '2024-03-13T19:14:50.673Z', 'CT00004', 'CUST00012', '宁德时代新能源科技股份有限公司', 'MAT00017', 'SCM 供应链管理系统', '规格7', '8', '2024-04-12T19:14:50.673Z', NULL, 'processing', '90%', '验收合格后 30 天内付款', '762827.41', '30%', '203637.13', FALSE, '2024-01-09T15:28:48.299Z', '132690.07', '2025-01-04T06:08:47.358Z', TRUE, '311970.76', FALSE, '2025-01-31T16:52:43.637Z', '435633.87', '2025-09-10T12:59:55.838Z', FALSE, '40%', '20%', '121587.69', FALSE, '2025-08-21T07:16:40.323Z', '197310.40', '2024-04-18T10:57:43.917Z', TRUE, '10%', '90086.09', FALSE, '2027-04-27T13:56:28.531Z', '61545.58', '2027-06-28T07:55:45.900Z', FALSE, '订单备注7', 'none', NULL, '2025-01-15T21:06:19.879Z', '2024-03-04T13:43:28.207Z'),
  ('cc2ea154-8ca1-4ed5-b437-a2222901c541', 'PO10008', '2024-10-07T01:18:21.481Z', 'CT00008', 'CUST00019', '联想集团', 'MAT00005', '智能制造系统', '规格8', '31', '2024-11-06T01:18:21.481Z', NULL, 'pending', '10%', '验收合格后 30 天内付款', '672561.15', '30%', '17102.07', FALSE, '2024-11-14T16:59:47.209Z', '70519.94', '2025-06-11T12:19:16.453Z', TRUE, '381214.73', FALSE, '2025-04-20T06:41:18.040Z', '363144.06', '2025-12-25T19:47:00.780Z', FALSE, '40%', '20%', '95694.71', TRUE, '2025-01-01T11:51:37.261Z', '76420.77', '2025-01-31T08:48:39.984Z', FALSE, '10%', '64033.07', TRUE, '2026-03-04T22:21:15.747Z', '43639.73', '2027-12-02T05:49:21.818Z', FALSE, '订单备注8', 'none', NULL, '2024-07-03T02:37:46.345Z', '2024-03-11T01:07:47.418Z'),
  ('805245c3-c6be-407b-80c0-55cc5ffabed8', 'PO10009', '2025-04-09T14:33:49.256Z', 'CT00013', 'CUST00020', '华硕电脑股份有限公司', 'MAT00013', '移动应用开发', '规格9', '30', '2025-05-09T14:33:49.256Z', NULL, 'processing', '100%', '验收合格后 30 天内付款', '206833.92', '30%', '70172.63', TRUE, '2024-11-22T12:15:42.929Z', '198182.89', '2025-07-06T05:04:11.714Z', FALSE, '45043.39', TRUE, '2024-08-09T06:40:45.228Z', '444370.64', '2024-05-01T02:35:23.449Z', TRUE, '40%', '20%', '8737.96', FALSE, '2024-06-20T21:00:24.320Z', '88380.27', '2024-07-08T01:07:09.909Z', TRUE, '10%', '17505.06', TRUE, '2027-08-31T12:38:28.607Z', '59827.66', '2026-12-30T03:44:05.758Z', FALSE, '订单备注9', 'none', NULL, '2024-03-03T05:19:11.090Z', '2024-08-21T00:51:02.208Z'),
  ('23640494-78d3-4a9c-aaec-881cf732ed6b', 'PO10010', '2025-06-23T02:24:39.595Z', 'CT00017', 'CUST00005', '字节跳动科技有限公司', 'MAT00010', 'MES 生产执行系统', '规格10', '83', '2025-07-23T02:24:39.595Z', NULL, 'pending', '50%', '验收合格后 30 天内付款', '327536.13', '30%', '245777.28', FALSE, '2025-09-30T07:49:07.363Z', '193605.40', '2024-12-26T02:06:28.179Z', TRUE, '358662.62', TRUE, '2025-08-26T11:11:30.622Z', '333086.41', '2024-10-11T08:42:02.015Z', FALSE, '40%', '20%', '30065.12', TRUE, '2025-01-13T03:00:04.477Z', '175009.30', '2025-01-06T23:27:48.811Z', TRUE, '10%', '40352.50', TRUE, '2026-06-05T16:36:44.282Z', '18235.85', '2026-03-07T20:36:05.703Z', TRUE, '订单备注10', 'none', NULL, '2024-02-18T06:14:09.710Z', '2025-10-22T05:03:41.963Z'),
  ('fc9cd676-2165-4851-9784-ef226dc7b9c8', 'PO10011', '2025-12-18T09:45:25.016Z', 'CT00014', 'CUST00008', '小米集团', 'MAT00010', '小程序开发', '规格11', '58', '2026-01-17T09:45:25.016Z', NULL, 'pending', '50%', '验收合格后 30 天内付款', '582349.66', '30%', '215564.93', FALSE, '2025-02-20T03:38:23.137Z', '65423.25', '2024-05-30T20:16:54.671Z', TRUE, '27877.73', TRUE, '2025-09-03T20:00:47.137Z', '481255.15', '2025-07-29T00:43:26.909Z', TRUE, '40%', '20%', '23489.42', TRUE, '2025-03-09T20:05:13.523Z', '141235.93', '2024-03-01T15:44:33.598Z', TRUE, '10%', '4237.01', TRUE, '2027-12-17T20:13:03.817Z', '64542.70', '2026-06-21T19:32:36.033Z', TRUE, '订单备注11', 'none', NULL, '2024-02-16T12:13:30.963Z', '2024-01-26T03:59:09.051Z'),
  ('864a9bc9-5159-4e10-9564-49f2875aa935', 'PO10012', '2024-04-12T18:26:07.463Z', 'CT00018', 'CUST00019', '联想集团', 'MAT00002', '电商平台', '规格12', '92', '2024-05-12T18:26:07.463Z', NULL, 'pending', '70%', '验收合格后 30 天内付款', '722842.84', '30%', '167715.12', FALSE, '2024-06-05T03:16:13.357Z', '113446.83', '2025-03-22T10:29:28.308Z', TRUE, '246359.54', TRUE, '2024-02-29T21:08:33.830Z', '407041.32', '2025-05-02T20:46:26.918Z', FALSE, '40%', '20%', '5455.01', FALSE, '2025-11-05T14:48:32.631Z', '111468.71', '2025-04-01T19:27:21.566Z', TRUE, '10%', '55233.86', TRUE, '2026-04-16T00:59:14.261Z', '29819.87', '2027-09-06T04:19:13.972Z', FALSE, '订单备注12', 'none', NULL, '2025-10-06T03:08:07.963Z', '2024-04-27T23:05:21.053Z'),
  ('725ffb28-ee20-4da5-b28c-a36936f8b8a3', 'PO10013', '2025-06-24T13:09:03.895Z', 'CT00018', 'CUST00020', '华硕电脑股份有限公司', 'MAT00018', '电商平台', '规格13', '95', '2025-07-24T13:09:03.895Z', NULL, 'processing', '50%', '验收合格后 30 天内付款', '328439.05', '30%', '220813.92', TRUE, '2024-04-23T13:21:16.094Z', '151552.49', '2025-05-12T16:32:34.516Z', FALSE, '369951.92', TRUE, '2024-03-31T09:20:02.198Z', '441261.56', '2024-04-25T17:22:50.190Z', TRUE, '40%', '20%', '97540.14', FALSE, '2024-09-03T15:16:40.815Z', '142647.36', '2024-06-08T21:32:29.202Z', TRUE, '10%', '63753.42', FALSE, '2026-07-19T05:46:04.085Z', '94126.78', '2026-02-18T22:19:18.636Z', TRUE, '订单备注13', 'none', NULL, '2025-08-25T10:58:43.761Z', '2024-06-10T17:56:34.202Z'),
  ('695dd100-5b2d-45a5-8899-85a3b4e4e11a', 'PO10014', '2024-07-25T11:11:26.919Z', 'CT00008', 'CUST00003', '阿里巴巴集团', 'MAT00016', '智能制造系统', '规格14', '68', '2024-08-24T11:11:26.919Z', NULL, 'delivered', '90%', '验收合格后 30 天内付款', '171023.15', '30%', '65806.02', FALSE, '2024-11-16T03:07:21.326Z', '96951.43', '2025-09-20T02:28:36.178Z', FALSE, '120640.58', TRUE, '2024-12-29T23:03:23.102Z', '284745.12', '2024-02-07T09:59:29.550Z', TRUE, '40%', '20%', '125875.36', TRUE, '2025-10-20T09:58:40.688Z', '159028.38', '2025-09-08T18:03:40.499Z', FALSE, '10%', '76482.29', TRUE, '2026-02-22T08:25:26.028Z', '31477.04', '2027-08-06T07:08:48.302Z', TRUE, '订单备注14', 'none', NULL, '2025-11-25T00:29:06.651Z', '2024-12-03T01:35:44.840Z'),
  ('9fb6c237-c73d-4a91-9295-952478d1d4aa', 'PO10015', '2024-09-04T03:46:50.934Z', 'CT00015', 'CUST00008', '小米集团', 'MAT00005', 'IoT 物联网平台', '规格15', '74', '2024-10-04T03:46:50.934Z', NULL, 'delivered', '90%', '验收合格后 30 天内付款', '791592.91', '30%', '278880.79', TRUE, '2025-06-23T23:56:23.732Z', '121291.62', '2024-05-15T07:41:39.491Z', TRUE, '241549.91', FALSE, '2025-12-07T23:27:29.402Z', '98987.75', '2025-12-23T04:58:38.578Z', FALSE, '40%', '20%', '196625.93', TRUE, '2025-02-06T14:08:43.682Z', '184562.37', '2024-11-30T00:16:37.197Z', FALSE, '10%', '84760.00', FALSE, '2027-09-28T15:03:22.722Z', '98792.73', '2027-09-22T23:04:08.587Z', TRUE, '订单备注15', 'none', NULL, '2024-05-17T02:59:12.238Z', '2024-06-23T18:37:18.503Z'),
  ('7b916127-a602-4192-b6cd-b46016241838', 'PO10016', '2025-12-16T03:21:30.499Z', 'CT00018', 'CUST00013', '格力电器股份有限公司', 'MAT00012', '智能制造系统', '规格16', '30', '2026-01-15T03:21:30.499Z', NULL, 'pending', '10%', '验收合格后 30 天内付款', '990670.69', '30%', '154385.57', FALSE, '2025-12-30T14:24:07.070Z', '89468.08', '2024-12-12T10:46:47.694Z', FALSE, '172268.93', TRUE, '2025-06-20T15:13:50.322Z', '116249.05', '2024-03-23T19:24:06.397Z', TRUE, '40%', '20%', '63797.28', FALSE, '2025-03-16T20:53:12.000Z', '147644.67', '2024-05-06T03:40:35.488Z', FALSE, '10%', '98555.21', FALSE, '2026-08-11T15:16:49.871Z', '87038.61', '2027-04-23T02:10:38.382Z', FALSE, '订单备注16', 'none', NULL, '2025-09-24T08:14:22.954Z', '2025-01-10T08:28:24.341Z'),
  ('60cc5116-10f6-4fab-890c-3a8a8313e4e1', 'PO10017', '2024-12-01T03:43:50.398Z', 'CT00003', 'CUST00002', '腾讯科技有限公司', 'MAT00019', 'OA 办公自动化系统', '规格17', '5', '2024-12-31T03:43:50.398Z', NULL, 'processing', '70%', '验收合格后 30 天内付款', '915117.05', '30%', '278656.80', TRUE, '2025-10-20T11:18:49.803Z', '171409.78', '2024-01-13T22:55:22.264Z', TRUE, '455821.16', TRUE, '2024-10-07T01:48:16.983Z', '85206.26', '2025-06-03T14:34:44.294Z', TRUE, '40%', '20%', '77611.93', TRUE, '2024-02-17T13:58:31.368Z', '133426.86', '2024-03-17T05:47:22.792Z', FALSE, '10%', '76760.35', FALSE, '2026-07-04T04:55:17.740Z', '28675.13', '2027-11-10T00:55:28.186Z', FALSE, '订单备注17', 'none', NULL, '2024-01-07T07:57:35.820Z', '2024-08-20T16:34:32.535Z'),
  ('751a099e-0f7a-4c8b-ab53-050b61f96bb8', 'PO10018', '2025-03-28T07:17:44.798Z', 'CT00010', 'CUST00015', '海尔智家股份有限公司', 'MAT00014', '智能制造系统', '规格18', '50', '2025-04-27T07:17:44.798Z', NULL, 'completed', '100%', '验收合格后 30 天内付款', '827315.08', '30%', '271478.28', TRUE, '2024-07-20T09:26:20.436Z', '121410.33', '2024-06-19T17:58:16.315Z', TRUE, '331753.09', TRUE, '2024-03-12T07:55:40.119Z', '99811.84', '2025-10-17T22:38:39.226Z', TRUE, '40%', '20%', '191314.10', TRUE, '2024-11-18T03:10:56.719Z', '36354.27', '2024-04-28T06:19:24.383Z', FALSE, '10%', '100258.68', FALSE, '2026-11-28T01:27:03.073Z', '20966.10', '2027-04-06T20:45:07.352Z', TRUE, '订单备注18', 'none', NULL, '2025-06-27T19:39:50.460Z', '2025-06-27T22:42:55.294Z'),
  ('00019613-216c-4346-8d52-420bbfb62863', 'PO10019', '2024-08-26T21:07:51.676Z', 'CT00015', 'CUST00010', 'VIVO 移动通信有限公司', 'MAT00011', 'WMS 仓储管理系统', '规格19', '13', '2024-09-25T21:07:51.676Z', NULL, 'delivered', '30%', '验收合格后 30 天内付款', '744347.83', '30%', '238209.89', FALSE, '2025-02-12T07:26:55.867Z', '4289.17', '2025-05-21T18:15:35.596Z', FALSE, '26078.08', FALSE, '2024-12-24T22:32:00.279Z', '140672.87', '2025-12-08T20:35:22.728Z', FALSE, '40%', '20%', '12758.68', FALSE, '2025-10-12T21:07:25.005Z', '108095.01', '2025-04-08T22:23:57.729Z', TRUE, '10%', '30251.68', FALSE, '2026-12-12T08:40:28.549Z', '33546.50', '2026-11-13T05:04:06.349Z', TRUE, '订单备注19', 'none', NULL, '2024-03-23T16:25:54.053Z', '2024-01-04T20:40:14.715Z'),
  ('8cf96c0e-bf5c-4ab2-a077-0639f6934457', 'PO10020', '2024-11-01T16:49:48.196Z', 'CT00008', 'CUST00016', 'TCL 科技集团股份有限公司', 'MAT00014', 'BI 商业智能系统', '规格20', '73', '2024-12-01T16:49:48.196Z', NULL, 'delivered', '50%', '验收合格后 30 天内付款', '618385.00', '30%', '148383.29', TRUE, '2024-07-29T02:07:44.707Z', '8389.05', '2024-05-10T04:10:57.676Z', FALSE, '297527.36', TRUE, '2024-06-16T09:04:09.743Z', '168553.17', '2024-07-05T10:35:03.647Z', TRUE, '40%', '20%', '139059.28', FALSE, '2025-08-30T13:12:54.109Z', '95358.68', '2025-07-10T00:53:59.119Z', TRUE, '10%', '17233.08', TRUE, '2027-04-16T09:54:17.700Z', '83656.01', '2026-05-23T05:44:03.068Z', FALSE, '订单备注20', 'none', NULL, '2024-05-06T05:08:03.355Z', '2025-01-04T06:07:53.066Z'),
  ('a074ce81-6071-4602-a4a4-0a6007b42d22', 'PO10021', '2024-05-24T09:14:45.597Z', 'CT00014', 'CUST00014', '美的集团', 'MAT00008', 'SCM 供应链管理系统', '规格21', '22', '2024-06-23T09:14:45.597Z', NULL, 'pending', '30%', '验收合格后 30 天内付款', '736919.84', '30%', '201162.57', FALSE, '2025-12-16T12:51:48.041Z', '216989.79', '2024-11-29T06:52:24.445Z', TRUE, '40804.90', FALSE, '2024-10-25T15:26:54.549Z', '474026.96', '2025-07-06T03:45:09.356Z', FALSE, '40%', '20%', '199413.74', TRUE, '2024-08-30T14:26:35.503Z', '65331.29', '2025-11-13T11:39:49.489Z', TRUE, '10%', '76000.80', FALSE, '2027-02-12T09:31:17.869Z', '18691.77', '2026-08-18T05:37:55.682Z', TRUE, '订单备注21', 'none', NULL, '2025-10-21T14:54:34.332Z', '2024-06-04T08:06:51.980Z'),
  ('e7c1df99-cddf-4f73-ab84-7a1e8e55df69', 'PO10022', '2025-10-09T19:19:41.611Z', 'CT00006', 'CUST00020', '华硕电脑股份有限公司', 'MAT00004', '小程序开发', '规格22', '25', '2025-11-08T19:19:41.611Z', NULL, 'completed', '10%', '验收合格后 30 天内付款', '613758.49', '30%', '230229.08', TRUE, '2025-02-28T20:17:28.780Z', '31241.27', '2025-10-17T00:56:58.777Z', TRUE, '40088.26', TRUE, '2025-10-02T13:29:46.779Z', '248305.83', '2024-10-05T00:54:32.203Z', TRUE, '40%', '20%', '199682.96', TRUE, '2025-05-14T12:39:39.607Z', '129141.94', '2024-08-29T00:18:29.646Z', TRUE, '10%', '74637.14', TRUE, '2026-12-04T04:32:32.243Z', '28792.31', '2027-02-07T09:26:15.649Z', TRUE, '订单备注22', 'none', NULL, '2024-10-09T11:42:55.854Z', '2024-06-10T10:04:25.728Z'),
  ('68991ed4-aaca-4dbf-98f8-47c9bce91447', 'PO10023', '2024-07-15T09:27:48.444Z', 'CT00006', 'CUST00012', '宁德时代新能源科技股份有限公司', 'MAT00005', '官网建设', '规格23', '34', '2024-08-14T09:27:48.444Z', NULL, 'completed', '50%', '验收合格后 30 天内付款', '647002.60', '30%', '157030.51', TRUE, '2025-10-23T03:25:57.276Z', '5799.66', '2024-03-22T11:51:33.240Z', TRUE, '186995.30', TRUE, '2025-07-17T02:12:18.991Z', '375956.47', '2025-04-21T04:21:45.225Z', TRUE, '40%', '20%', '136540.82', FALSE, '2024-11-27T20:10:31.071Z', '149649.78', '2024-09-14T16:53:08.553Z', FALSE, '10%', '72954.26', FALSE, '2026-03-13T16:10:31.643Z', '86628.87', '2026-10-13T09:54:07.913Z', TRUE, '订单备注23', 'none', NULL, '2024-06-06T09:39:58.953Z', '2024-08-19T18:30:19.327Z'),
  ('82f32e3d-c3df-459e-a09d-1664b39b6e4a', 'PO10024', '2024-08-04T00:01:00.033Z', 'CT00016', 'CUST00015', '海尔智家股份有限公司', 'MAT00008', '电商平台', '规格24', '33', '2024-09-03T00:01:00.033Z', NULL, 'pending', '10%', '验收合格后 30 天内付款', '492161.45', '30%', '217369.04', TRUE, '2025-04-16T08:57:11.881Z', '12491.91', '2024-10-10T15:04:59.039Z', FALSE, '276034.41', TRUE, '2024-04-12T00:02:49.112Z', '228981.84', '2024-04-22T02:44:40.806Z', TRUE, '40%', '20%', '120882.52', TRUE, '2025-02-13T08:19:16.487Z', '23750.72', '2024-04-15T15:34:58.206Z', FALSE, '10%', '31958.09', FALSE, '2026-02-20T01:48:29.784Z', '17934.93', '2026-10-06T10:13:29.883Z', TRUE, '订单备注24', 'none', NULL, '2025-09-16T18:28:02.976Z', '2025-07-14T01:20:36.378Z'),
  ('542ce413-7c00-42cb-a87d-3f0fa959785f', 'PO10025', '2024-03-20T00:27:04.223Z', 'CT00010', 'CUST00012', '宁德时代新能源科技股份有限公司', 'MAT00020', 'PLM 产品生命周期管理', '规格25', '38', '2024-04-19T00:27:04.223Z', NULL, 'completed', '50%', '验收合格后 30 天内付款', '930281.70', '30%', '288232.20', TRUE, '2024-11-24T19:31:20.510Z', '270625.25', '2025-03-23T13:18:52.538Z', TRUE, '177047.57', FALSE, '2024-06-15T14:56:40.872Z', '140453.35', '2024-10-10T09:32:56.599Z', FALSE, '40%', '20%', '33205.42', TRUE, '2025-05-19T01:59:28.966Z', '34745.63', '2024-08-11T09:38:37.659Z', TRUE, '10%', '62449.83', TRUE, '2027-10-01T20:53:04.179Z', '43595.72', '2027-11-15T04:16:07.591Z', TRUE, '订单备注25', 'none', NULL, '2025-06-18T02:38:28.649Z', '2024-06-08T08:33:56.346Z'),
  ('70a1c400-eb58-49ee-9045-fc629ca7e84f', 'PO10026', '2024-03-20T02:27:23.842Z', 'CT00006', 'CUST00007', '京东集团', 'MAT00009', 'CRM 客户管理系统', '规格26', '68', '2024-04-19T02:27:23.842Z', NULL, 'completed', '10%', '验收合格后 30 天内付款', '268551.78', '30%', '142994.44', FALSE, '2024-07-20T09:20:25.339Z', '250864.17', '2025-07-16T16:58:34.638Z', FALSE, '71878.37', TRUE, '2024-11-14T12:54:33.493Z', '26709.24', '2024-07-26T18:10:56.138Z', FALSE, '40%', '20%', '97413.93', TRUE, '2024-07-13T11:19:58.675Z', '138057.70', '2024-08-31T15:57:19.597Z', TRUE, '10%', '24904.10', TRUE, '2027-11-23T22:16:41.134Z', '68728.31', '2027-07-26T03:54:43.437Z', TRUE, '订单备注26', 'none', NULL, '2025-05-30T16:40:54.545Z', '2025-08-14T09:26:07.926Z'),
  ('14f96dc5-fe1a-480c-a61b-8083b618ddfe', 'PO10027', '2025-05-16T01:39:48.766Z', 'CT00011', 'CUST00016', 'TCL 科技集团股份有限公司', 'MAT00006', 'AI 人工智能平台', '规格27', '42', '2025-06-15T01:39:48.766Z', NULL, 'delivered', '100%', '验收合格后 30 天内付款', '370047.23', '30%', '96313.33', FALSE, '2024-04-23T07:20:47.641Z', '255529.50', '2024-01-10T21:18:17.132Z', FALSE, '5620.20', FALSE, '2025-02-13T10:36:56.245Z', '118454.56', '2025-03-14T10:39:46.115Z', FALSE, '40%', '20%', '71821.80', TRUE, '2024-11-03T10:40:19.388Z', '25195.03', '2024-03-07T21:34:08.471Z', FALSE, '10%', '25639.49', FALSE, '2027-06-21T05:52:54.614Z', '68826.24', '2027-07-20T17:35:18.658Z', FALSE, '订单备注27', 'none', NULL, '2024-01-03T01:12:05.194Z', '2025-10-26T21:54:53.037Z'),
  ('6a79ec42-098a-4ef0-9a2a-63a34f782eb8', 'PO10028', '2025-07-19T19:10:23.865Z', 'CT00001', 'CUST00017', '海信集团', 'MAT00001', '云计算平台', '规格28', '49', '2025-08-18T19:10:23.865Z', NULL, 'processing', '10%', '验收合格后 30 天内付款', '700257.88', '30%', '159735.00', FALSE, '2024-08-16T03:32:38.798Z', '205336.07', '2024-07-01T19:13:10.405Z', FALSE, '76913.45', FALSE, '2024-03-23T14:34:19.398Z', '94624.65', '2024-02-06T13:39:58.784Z', TRUE, '40%', '20%', '174311.28', FALSE, '2025-08-20T04:04:41.373Z', '71277.47', '2024-12-27T17:35:30.139Z', FALSE, '10%', '26151.67', FALSE, '2027-12-20T17:02:08.002Z', '66345.23', '2026-09-02T15:08:19.350Z', TRUE, '订单备注28', 'none', NULL, '2024-10-08T01:54:39.885Z', '2024-09-24T01:30:01.556Z'),
  ('d88b6c5c-4338-413e-9355-f6e4eb7fd1a9', 'PO10029', '2025-09-06T13:47:47.559Z', 'CT00007', 'CUST00001', '华为技术有限公司', 'MAT00012', 'FMS 财务管理系统', '规格29', '47', '2025-10-06T13:47:47.559Z', NULL, 'processing', '30%', '验收合格后 30 天内付款', '303228.66', '30%', '136306.95', FALSE, '2025-12-22T22:16:11.593Z', '239134.21', '2025-10-27T21:11:15.748Z', TRUE, '23361.57', TRUE, '2025-05-27T09:17:18.291Z', '126889.42', '2025-03-10T06:56:41.855Z', TRUE, '40%', '20%', '63418.68', FALSE, '2025-11-21T02:07:45.068Z', '94639.84', '2024-10-20T12:43:57.726Z', FALSE, '10%', '43429.71', FALSE, '2027-03-26T04:05:59.105Z', '92498.77', '2026-10-06T22:50:26.598Z', FALSE, '订单备注29', 'none', NULL, '2024-09-29T16:46:06.682Z', '2024-04-07T19:17:51.242Z'),
  ('d58dd8bc-a0fa-49b3-9c95-6cee2d433b5a', 'PO10030', '2024-08-25T23:52:17.698Z', 'CT00016', 'CUST00020', '华硕电脑股份有限公司', 'MAT00020', '移动应用开发', '规格30', '4', '2024-09-24T23:52:17.698Z', NULL, 'delivered', '70%', '验收合格后 30 天内付款', '329822.72', '30%', '98793.15', TRUE, '2025-11-11T08:06:55.384Z', '222835.44', '2025-09-02T07:02:46.610Z', TRUE, '419033.81', FALSE, '2024-05-19T05:53:08.089Z', '280983.38', '2024-01-27T07:10:07.163Z', TRUE, '40%', '20%', '94199.96', FALSE, '2024-02-02T10:21:00.643Z', '189589.95', '2024-01-04T16:39:01.464Z', FALSE, '10%', '71055.47', TRUE, '2027-06-04T09:51:05.245Z', '60755.74', '2026-10-10T15:48:06.936Z', TRUE, '订单备注30', 'none', NULL, '2024-01-11T18:08:38.025Z', '2025-06-01T20:37:27.893Z'),
  ('ba5f5171-7991-4954-a3f0-cfe758d037ac', 'PO10031', '2024-02-08T15:07:49.826Z', 'CT00002', 'CUST00010', 'VIVO 移动通信有限公司', 'MAT00013', 'MES 生产执行系统', '规格31', '40', '2024-03-09T15:07:49.826Z', NULL, 'pending', '100%', '验收合格后 30 天内付款', '967980.17', '30%', '150450.88', TRUE, '2025-10-07T06:22:19.594Z', '206087.62', '2025-12-11T09:21:43.540Z', FALSE, '270667.03', TRUE, '2024-07-12T22:05:26.861Z', '459663.06', '2025-11-04T15:43:29.952Z', TRUE, '40%', '20%', '176417.58', FALSE, '2024-10-09T22:17:34.504Z', '177519.79', '2024-07-06T03:50:20.708Z', FALSE, '10%', '15296.28', TRUE, '2026-03-04T02:07:04.893Z', '98802.65', '2027-04-29T03:54:00.547Z', TRUE, '订单备注31', 'none', NULL, '2025-07-02T03:05:50.506Z', '2024-06-03T16:13:08.334Z'),
  ('003ca19c-90f1-4982-988f-c81c6f594bd3', 'PO10032', '2025-12-22T20:55:55.933Z', 'CT00011', 'CUST00018', '创维集团', 'MAT00007', 'ERP 管理系统', '规格32', '83', '2026-01-21T20:55:55.933Z', NULL, 'delivered', '70%', '验收合格后 30 天内付款', '416234.08', '30%', '58460.75', TRUE, '2025-02-09T22:30:54.395Z', '137228.05', '2025-03-22T22:44:59.131Z', TRUE, '502298.35', FALSE, '2025-10-25T13:29:27.086Z', '212553.36', '2025-02-02T16:44:15.327Z', FALSE, '40%', '20%', '71500.94', TRUE, '2024-01-12T14:01:14.203Z', '129003.65', '2025-06-19T04:01:41.162Z', TRUE, '10%', '15601.07', TRUE, '2026-10-12T08:48:34.745Z', '23060.24', '2026-05-09T17:29:22.903Z', FALSE, '订单备注32', 'none', NULL, '2024-04-16T01:59:14.515Z', '2025-11-20T17:42:22.050Z'),
  ('99da9c6c-ae40-4cad-a134-0bf82663964b', 'PO10033', '2024-01-20T07:55:18.297Z', 'CT00009', 'CUST00008', '小米集团', 'MAT00018', 'FMS 财务管理系统', '规格33', '40', '2024-02-19T07:55:18.297Z', NULL, 'processing', '70%', '验收合格后 30 天内付款', '28147.93', '30%', '255115.68', TRUE, '2025-11-18T04:48:20.961Z', '189833.37', '2025-01-17T03:30:44.817Z', TRUE, '450259.54', TRUE, '2025-01-12T01:31:51.037Z', '25922.84', '2025-10-10T14:04:39.687Z', FALSE, '40%', '20%', '126795.92', FALSE, '2025-08-06T14:48:29.929Z', '63846.82', '2025-11-10T08:25:59.766Z', TRUE, '10%', '15054.34', TRUE, '2026-07-24T09:53:40.974Z', '4306.59', '2026-10-11T03:26:30.730Z', TRUE, '订单备注33', 'none', NULL, '2024-04-29T23:07:25.348Z', '2024-02-28T03:34:36.924Z'),
  ('b3bbd023-6440-48fb-a028-f52d737931b5', 'PO10034', '2024-11-22T17:53:05.151Z', 'CT00002', 'CUST00017', '海信集团', 'MAT00008', 'AI 人工智能平台', '规格34', '80', '2024-12-22T17:53:05.151Z', NULL, 'processing', '10%', '验收合格后 30 天内付款', '429969.09', '30%', '67666.10', FALSE, '2024-10-15T04:46:04.334Z', '178010.05', '2024-01-08T05:47:23.842Z', TRUE, '95037.38', TRUE, '2024-06-01T21:46:21.671Z', '201446.93', '2025-02-01T19:39:42.067Z', TRUE, '40%', '20%', '11971.91', FALSE, '2024-09-01T22:09:18.106Z', '169707.96', '2024-03-07T16:25:53.801Z', TRUE, '10%', '43605.30', FALSE, '2027-09-20T20:41:58.506Z', '48717.63', '2027-06-03T08:40:16.540Z', TRUE, '订单备注34', 'none', NULL, '2025-01-17T18:12:34.875Z', '2024-05-07T12:18:31.187Z'),
  ('e65b90ab-f9b1-4172-ba3f-e39f1abfed27', 'PO10035', '2025-10-14T19:28:48.312Z', 'CT00005', 'CUST00018', '创维集团', 'MAT00012', '大数据分析平台', '规格35', '38', '2025-11-13T19:28:48.312Z', NULL, 'completed', '50%', '验收合格后 30 天内付款', '572897.51', '30%', '48788.17', FALSE, '2025-02-15T17:07:51.892Z', '190986.63', '2024-03-22T03:54:38.315Z', TRUE, '477088.10', TRUE, '2025-09-21T20:37:32.295Z', '208531.59', '2025-12-21T13:24:43.433Z', FALSE, '40%', '20%', '102176.20', TRUE, '2025-08-21T09:13:45.153Z', '81513.84', '2024-11-02T06:56:26.815Z', TRUE, '10%', '51353.97', FALSE, '2027-10-29T20:03:25.203Z', '33472.55', '2027-10-30T05:31:35.568Z', FALSE, '订单备注35', 'none', NULL, '2024-03-12T10:50:19.298Z', '2025-04-16T13:31:45.180Z'),
  ('c59ab303-fe7a-4288-8508-88934367b236', 'PO10036', '2025-03-06T15:43:35.156Z', 'CT00017', 'CUST00011', '比亚迪股份有限公司', 'MAT00005', '小程序开发', '规格36', '4', '2025-04-05T15:43:35.156Z', NULL, 'completed', '100%', '验收合格后 30 天内付款', '249867.70', '30%', '257934.74', FALSE, '2025-01-11T02:54:58.591Z', '47756.88', '2024-11-01T00:07:56.985Z', TRUE, '304973.63', FALSE, '2025-09-04T09:53:57.424Z', '165575.02', '2024-01-07T15:22:26.126Z', FALSE, '40%', '20%', '91605.55', TRUE, '2024-09-08T15:29:32.037Z', '51889.65', '2024-07-14T19:19:20.561Z', TRUE, '10%', '47407.96', TRUE, '2026-06-26T07:05:08.574Z', '44440.74', '2027-09-05T18:22:17.037Z', FALSE, '订单备注36', 'none', NULL, '2025-06-12T05:55:04.479Z', '2025-09-06T19:15:42.126Z'),
  ('c4ddd043-b9e6-42c1-9a7d-ffa23625b996', 'PO10037', '2024-08-21T01:08:57.051Z', 'CT00010', 'CUST00012', '宁德时代新能源科技股份有限公司', 'MAT00009', 'CRM 客户管理系统', '规格37', '20', '2024-09-20T01:08:57.051Z', NULL, 'completed', '50%', '验收合格后 30 天内付款', '205307.69', '30%', '275511.67', TRUE, '2024-11-30T03:58:19.820Z', '280874.61', '2024-05-31T12:22:20.107Z', FALSE, '167935.75', FALSE, '2024-12-11T14:41:35.706Z', '357779.84', '2024-06-10T05:30:17.218Z', FALSE, '40%', '20%', '86132.41', FALSE, '2024-01-20T06:39:05.447Z', '117320.77', '2024-07-16T04:56:12.704Z', FALSE, '10%', '62373.30', TRUE, '2026-05-03T20:51:25.936Z', '21348.23', '2027-03-30T15:55:37.631Z', TRUE, '订单备注37', 'none', NULL, '2025-07-04T13:49:46.167Z', '2025-12-24T03:49:38.380Z'),
  ('c3c17226-a342-46be-bcda-434c8e9bd5a1', 'PO10038', '2024-03-11T08:16:21.138Z', 'CT00017', 'CUST00003', '阿里巴巴集团', 'MAT00010', 'IoT 物联网平台', '规格38', '60', '2024-04-10T08:16:21.138Z', NULL, 'delivered', '50%', '验收合格后 30 天内付款', '504474.02', '30%', '143111.32', TRUE, '2024-11-10T11:22:19.768Z', '14241.89', '2025-10-15T22:54:05.438Z', TRUE, '312973.42', FALSE, '2024-11-20T14:24:37.686Z', '196539.96', '2024-11-09T09:36:42.666Z', FALSE, '40%', '20%', '36421.06', TRUE, '2025-09-12T06:19:26.628Z', '67702.33', '2025-05-16T18:33:16.533Z', FALSE, '10%', '30468.12', TRUE, '2026-07-17T17:11:18.624Z', '36435.92', '2027-03-24T10:08:06.808Z', TRUE, '订单备注38', 'none', NULL, '2025-05-16T14:48:39.603Z', '2024-04-02T19:43:47.011Z'),
  ('d5a854fb-b383-47f8-b33b-802953709847', 'PO10039', '2024-07-24T14:33:58.547Z', 'CT00012', 'CUST00005', '字节跳动科技有限公司', 'MAT00006', '小程序开发', '规格39', '12', '2024-08-23T14:33:58.547Z', NULL, 'processing', '70%', '验收合格后 30 天内付款', '621393.01', '30%', '25709.41', TRUE, '2024-06-23T01:14:34.367Z', '26196.01', '2025-12-27T09:23:15.282Z', TRUE, '285557.37', FALSE, '2024-06-11T11:12:29.367Z', '67073.49', '2024-04-05T08:56:04.238Z', TRUE, '40%', '20%', '51992.36', FALSE, '2025-08-29T13:18:59.292Z', '8387.75', '2024-01-30T20:29:32.411Z', FALSE, '10%', '1995.15', TRUE, '2026-03-27T18:43:10.029Z', '8153.71', '2027-12-30T11:32:24.045Z', FALSE, '订单备注39', 'none', NULL, '2024-08-27T09:00:17.581Z', '2025-06-26T10:14:50.264Z'),
  ('bf502ab5-05bf-46c2-a3d8-fb04324f7237', 'PO10040', '2024-02-22T01:54:42.275Z', 'CT00005', 'CUST00014', '美的集团', 'MAT00013', '微信公众号开发', '规格40', '84', '2024-03-23T01:54:42.275Z', NULL, 'delivered', '100%', '验收合格后 30 天内付款', '887241.92', '30%', '171446.15', FALSE, '2024-01-18T08:38:06.440Z', '267647.62', '2025-04-03T03:46:15.904Z', FALSE, '331816.46', FALSE, '2025-11-30T16:58:17.185Z', '472906.07', '2024-12-14T19:28:59.000Z', TRUE, '40%', '20%', '11818.26', TRUE, '2025-01-09T00:48:01.981Z', '99840.05', '2024-02-13T05:12:26.074Z', FALSE, '10%', '36651.09', FALSE, '2026-05-30T12:00:56.390Z', '1231.81', '2026-06-07T12:56:44.597Z', FALSE, '订单备注40', 'none', NULL, '2024-04-11T15:47:03.856Z', '2024-02-29T00:51:20.533Z')
ON CONFLICT (id) DO NOTHING;

INSERT INTO "products" ("id", "material_code", "project_name", "specification", "description", "image_url", "status", "created_at", "updated_at") VALUES
  ('5042888d-f08a-44af-ab1f-877e3f00149c', 'MAT00001', '服务器', '高性能服务器', '产品1详细描述', NULL, 'active', '2025-08-17T23:31:16.870Z', '2025-02-15T22:16:51.071Z'),
  ('e8b1f263-a15e-4812-9ed3-6d915e4794ff', 'MAT00002', '交换机', '网络交换机', '产品2详细描述', NULL, 'active', '2024-01-14T21:11:56.219Z', '2024-08-10T01:48:51.684Z'),
  ('3d83aa0a-a54a-4e7d-88e5-f0d216611ebf', 'MAT00003', '路由器', '企业路由器', '产品3详细描述', NULL, 'active', '2025-11-13T11:22:37.394Z', '2024-11-03T12:51:02.449Z'),
  ('81de8aba-1bf4-4a93-b2d8-919b6a1c2d7b', 'MAT00004', '防火墙', '网络安全防火墙', '产品4详细描述', NULL, 'active', '2024-12-10T23:24:16.120Z', '2025-08-21T14:05:21.213Z'),
  ('cb21ae28-aebd-4207-9b1f-6084c0720b16', 'MAT00005', '存储设备', 'NAS 存储', '产品5详细描述', NULL, 'active', '2025-09-09T10:22:25.700Z', '2024-01-01T01:58:33.031Z'),
  ('a63f5715-b962-424c-a311-19856e1ac810', 'MAT00006', 'PC 电脑', '台式机', '产品6详细描述', NULL, 'active', '2024-01-20T08:38:34.433Z', '2025-08-09T13:38:54.453Z'),
  ('783b0e5e-beeb-44c1-8264-9325689965e4', 'MAT00007', '笔记本电脑', '商务笔记本', '产品7详细描述', NULL, 'active', '2025-12-13T20:25:22.925Z', '2025-07-28T06:00:54.258Z'),
  ('a1c7fab1-b8d8-4207-a5d6-93fd78ece395', 'MAT00008', '打印机', '激光打印机', '产品8详细描述', NULL, 'active', '2025-10-27T13:41:30.795Z', '2024-06-13T19:17:54.259Z'),
  ('8a103c25-0fb0-4e7d-9f10-567e90bf35c2', 'MAT00009', '扫描仪', '高速扫描仪', '产品9详细描述', NULL, 'active', '2025-06-18T20:00:16.343Z', '2024-04-20T02:56:32.606Z'),
  ('6ca1950f-dc65-451e-a137-58f41c06d31a', 'MAT00010', '投影仪', '商务投影仪', '产品10详细描述', NULL, 'active', '2025-06-05T01:03:10.453Z', '2025-06-04T16:03:34.490Z'),
  ('5c188341-b51c-4233-ae87-70257a2a2173', 'MAT00011', '摄像头', '网络摄像头', '产品11详细描述', NULL, 'active', '2024-02-10T23:09:07.824Z', '2024-01-02T08:06:54.006Z'),
  ('bb287ec9-b7c3-45b1-a001-12ff8f9d3bba', 'MAT00012', '麦克风', '会议麦克风', '产品12详细描述', NULL, 'active', '2024-11-25T23:41:49.965Z', '2025-09-14T04:00:58.576Z'),
  ('1a5ad0ff-2192-4552-ab39-e0cc3a0de342', 'MAT00013', '显示器', '液晶显示器', '产品13详细描述', NULL, 'active', '2025-11-19T07:49:22.212Z', '2024-08-15T20:32:34.924Z'),
  ('c98ee4a3-9a45-46e5-ae5a-1756de9b9e7f', 'MAT00014', '键盘', '机械键盘', '产品14详细描述', NULL, 'active', '2024-06-07T12:20:13.435Z', '2024-12-24T09:48:48.657Z'),
  ('c36c9463-3532-4659-8557-df2568297d6e', 'MAT00015', '鼠标', '无线鼠标', '产品15详细描述', NULL, 'active', '2025-03-17T17:57:51.062Z', '2024-02-24T21:12:23.976Z'),
  ('c986853c-56c1-4cea-b619-37510259f841', 'MAT00016', '耳机', '降噪耳机', '产品16详细描述', NULL, 'active', '2024-03-30T05:02:59.531Z', '2024-06-16T11:20:38.141Z'),
  ('c1acc2dc-ebd2-4d21-8e68-954ffcfb2108', 'MAT00017', '音响', '蓝牙音响', '产品17详细描述', NULL, 'active', '2024-06-07T18:00:15.885Z', '2025-07-05T21:27:53.733Z'),
  ('bf5a173a-0e4f-488a-8c23-c2f258a4338e', 'MAT00018', 'UPS', '不间断电源', '产品18详细描述', NULL, 'active', '2024-11-05T19:44:06.784Z', '2025-03-13T08:12:18.599Z'),
  ('68d9a710-03c9-4ece-bc27-03923b6769df', 'MAT00019', '机柜', '服务器机柜', '产品19详细描述', NULL, 'active', '2024-12-26T05:48:35.444Z', '2025-11-14T05:11:20.334Z'),
  ('0cb48a40-275f-42df-8b5d-c6f2dfc7d0f4', 'MAT00020', '网线', '六类网线', '产品20详细描述', NULL, 'active', '2024-08-01T18:47:48.308Z', '2024-11-25T18:59:10.243Z')
ON CONFLICT (id) DO NOTHING;

INSERT INTO "messages" ("id", "type", "title", "content", "sender_id", "receiver_id", "is_read", "read_at", "is_pinned", "document_url", "related_id", "related_type", "created_at") VALUES
  ('523955bf-284f-4e38-90ff-727a8f5b8098', 'announcement', '消息1', '这是消息1的内容详情', 'dc6a3f91-a503-4d0d-87e8-c384f6cd25be', 'fa7616ea-9dba-438d-bfde-7c3529bd1a0b', FALSE, '2025-05-09T14:47:50.363Z', FALSE, NULL, NULL, NULL, '2024-10-20T13:25:29.941Z'),
  ('9b6b0c32-13e5-472d-b289-76fa752a29fe', 'announcement', '消息2', '这是消息2的内容详情', '6aebb53a-614e-4341-9282-17f21abac93b', '29c4b908-8198-4189-afbe-f47c0682f3ec', TRUE, '2025-01-13T01:59:15.714Z', FALSE, NULL, NULL, NULL, '2025-07-05T15:19:48.071Z'),
  ('204dded9-21b0-459d-b17a-a5b5228dd5bd', 'system_document', '消息3', '这是消息3的内容详情', 'aab46720-889b-4e9d-b965-c92c58bd5a32', 'aab46720-889b-4e9d-b965-c92c58bd5a32', FALSE, '2025-09-17T06:16:04.763Z', FALSE, NULL, NULL, NULL, '2024-08-24T11:51:09.268Z'),
  ('839939fb-7ecb-4331-a88c-cda0d64feff0', 'announcement', '消息4', '这是消息4的内容详情', '3a51a3d4-62dc-42e3-9bcb-8653a10e6fbd', '2cf5c567-76a2-485e-b129-e4d81f0a62cc', TRUE, '2025-05-22T14:33:52.599Z', TRUE, NULL, NULL, NULL, '2024-01-13T18:31:50.634Z'),
  ('58d7113e-3579-439f-b12d-412c66e1003b', 'announcement', '消息5', '这是消息5的内容详情', 'fa7616ea-9dba-438d-bfde-7c3529bd1a0b', '9068539f-c76c-4c50-9f9d-feeba3598d08', FALSE, '2024-12-14T21:38:10.201Z', FALSE, NULL, NULL, NULL, '2025-07-24T13:57:07.191Z'),
  ('a2a1f9eb-8f11-49fb-bf54-a1c03df159b5', 'personal', '消息6', '这是消息6的内容详情', '3a51a3d4-62dc-42e3-9bcb-8653a10e6fbd', 'aab46720-889b-4e9d-b965-c92c58bd5a32', FALSE, '2025-03-01T06:17:33.241Z', FALSE, NULL, NULL, NULL, '2024-08-15T10:49:37.325Z'),
  ('e6af0c77-3533-4e3a-bb1a-30d0d4116b36', 'announcement', '消息7', '这是消息7的内容详情', 'e16c695c-d799-4e58-8b46-8ec748006c06', 'faaebc1c-7aed-43d6-b06f-9bc3e5a74ac9', TRUE, '2024-06-14T09:52:04.602Z', FALSE, NULL, NULL, NULL, '2025-09-04T01:58:43.973Z'),
  ('e595df49-b1ff-466d-94dd-e195031fbe20', 'personal', '消息8', '这是消息8的内容详情', '78b78618-506e-405d-b1f4-4f5bcf2a9fa3', 'faaebc1c-7aed-43d6-b06f-9bc3e5a74ac9', TRUE, '2024-12-03T19:19:02.573Z', FALSE, NULL, NULL, NULL, '2025-04-02T08:52:37.614Z'),
  ('89b6dbb6-332d-4042-9f5f-9b684e794baf', 'announcement', '消息9', '这是消息9的内容详情', 'a30946c4-4bff-4174-9c70-6641eeaf7676', 'df3fe545-cb97-4680-8b18-d1655b900af2', FALSE, '2025-07-08T00:54:11.696Z', FALSE, NULL, NULL, NULL, '2025-09-12T18:39:56.247Z'),
  ('da04dccb-4ded-401a-b5a2-53bd499698ec', 'system_document', '消息10', '这是消息10的内容详情', 'df3fe545-cb97-4680-8b18-d1655b900af2', '6aebb53a-614e-4341-9282-17f21abac93b', TRUE, '2025-05-28T21:02:16.921Z', FALSE, NULL, NULL, NULL, '2025-06-19T16:38:24.024Z'),
  ('a45e7d93-cdca-4940-a060-35275661f85f', 'announcement', '消息11', '这是消息11的内容详情', '29c4b908-8198-4189-afbe-f47c0682f3ec', 'a30946c4-4bff-4174-9c70-6641eeaf7676', TRUE, '2024-09-26T10:02:29.638Z', FALSE, NULL, NULL, NULL, '2025-04-09T13:04:28.695Z'),
  ('70acfcf3-6e9e-467b-b8c1-02fe76ebca8a', 'personal', '消息12', '这是消息12的内容详情', '29c4b908-8198-4189-afbe-f47c0682f3ec', 'aab46720-889b-4e9d-b965-c92c58bd5a32', TRUE, '2025-04-24T14:08:04.103Z', FALSE, NULL, NULL, NULL, '2024-07-02T15:04:09.721Z'),
  ('42c290f5-66f9-48f3-a3c8-56b5927bfc5a', 'personal', '消息13', '这是消息13的内容详情', '9068539f-c76c-4c50-9f9d-feeba3598d08', 'd820cb9c-1607-4859-b04e-d5671e7fd6fa', FALSE, '2024-01-23T15:17:25.642Z', FALSE, NULL, NULL, NULL, '2024-04-15T02:02:44.282Z'),
  ('ab7063e9-da93-4d61-8bff-1ccdedcb5ec6', 'announcement', '消息14', '这是消息14的内容详情', '7738499f-1437-4c6d-9122-5e8b97c66fdf', 'd820cb9c-1607-4859-b04e-d5671e7fd6fa', FALSE, '2024-04-10T12:09:26.586Z', FALSE, NULL, NULL, NULL, '2024-10-16T00:35:35.117Z'),
  ('d02253d6-c95a-403e-8475-0d25a4204a44', 'personal', '消息15', '这是消息15的内容详情', 'dc6a3f91-a503-4d0d-87e8-c384f6cd25be', '57a0ece9-99f0-4bca-9cd2-e17f8b4f861e', TRUE, '2025-09-12T15:44:48.532Z', FALSE, NULL, NULL, NULL, '2024-01-14T14:39:48.813Z'),
  ('50628c2e-c1b3-4618-84b3-5f2a718a0507', 'announcement', '消息16', '这是消息16的内容详情', '6d02896d-65e5-4212-914c-caed5b4204f3', 'faaebc1c-7aed-43d6-b06f-9bc3e5a74ac9', FALSE, '2024-08-19T14:59:09.700Z', FALSE, NULL, NULL, NULL, '2025-02-09T15:18:47.904Z'),
  ('a85004d7-e546-4c29-b271-eda84c11a645', 'announcement', '消息17', '这是消息17的内容详情', 'df3fe545-cb97-4680-8b18-d1655b900af2', 'aab46720-889b-4e9d-b965-c92c58bd5a32', FALSE, '2025-03-18T00:12:10.056Z', FALSE, NULL, NULL, NULL, '2025-09-14T12:15:01.753Z'),
  ('293bbf43-33df-4bf1-a110-2894410b20f5', 'announcement', '消息18', '这是消息18的内容详情', '29c4b908-8198-4189-afbe-f47c0682f3ec', '7bfe98fe-4c99-46d9-a347-1da2ec69a19b', TRUE, '2025-04-08T23:04:39.616Z', FALSE, NULL, NULL, NULL, '2024-02-09T15:24:55.960Z'),
  ('7f145cb0-1a18-46d7-b7de-55ebeb875c74', 'personal', '消息19', '这是消息19的内容详情', 'e16c695c-d799-4e58-8b46-8ec748006c06', 'dc6a3f91-a503-4d0d-87e8-c384f6cd25be', FALSE, '2025-05-07T07:35:54.889Z', FALSE, NULL, NULL, NULL, '2025-01-10T02:39:45.969Z'),
  ('64a43117-8463-4dd4-9735-13cfcfbe5676', 'announcement', '消息20', '这是消息20的内容详情', 'e16c695c-d799-4e58-8b46-8ec748006c06', 'faaebc1c-7aed-43d6-b06f-9bc3e5a74ac9', TRUE, '2024-06-05T22:06:42.957Z', FALSE, NULL, NULL, NULL, '2025-07-14T07:53:48.706Z'),
  ('7433fc0d-85a7-4fcd-9b7a-90ba16566306', 'personal', '消息21', '这是消息21的内容详情', '57a0ece9-99f0-4bca-9cd2-e17f8b4f861e', 'fa7616ea-9dba-438d-bfde-7c3529bd1a0b', FALSE, '2025-08-26T03:59:53.352Z', FALSE, NULL, NULL, NULL, '2025-05-03T16:02:07.158Z'),
  ('6e3bc2c3-e3bc-46ae-bb08-1039737efad4', 'announcement', '消息22', '这是消息22的内容详情', '57a0ece9-99f0-4bca-9cd2-e17f8b4f861e', 'd820cb9c-1607-4859-b04e-d5671e7fd6fa', FALSE, '2024-06-19T05:43:42.271Z', FALSE, NULL, NULL, NULL, '2024-10-03T02:13:50.710Z'),
  ('6e5b8675-da29-4545-8c06-da077ea092de', 'system_document', '消息23', '这是消息23的内容详情', '7738499f-1437-4c6d-9122-5e8b97c66fdf', '57a0ece9-99f0-4bca-9cd2-e17f8b4f861e', TRUE, '2025-03-14T00:10:01.338Z', FALSE, NULL, NULL, NULL, '2024-11-14T17:19:52.794Z'),
  ('bd45d56d-a245-49ed-a33b-a5bf91fcf2a9', 'personal', '消息24', '这是消息24的内容详情', 'aab46720-889b-4e9d-b965-c92c58bd5a32', '57a0ece9-99f0-4bca-9cd2-e17f8b4f861e', FALSE, '2024-06-02T10:21:14.154Z', FALSE, NULL, NULL, NULL, '2024-05-19T21:07:04.387Z'),
  ('83f6c36c-e06f-46d0-bc53-5c2057c55790', 'announcement', '消息25', '这是消息25的内容详情', '7bfe98fe-4c99-46d9-a347-1da2ec69a19b', 'faaebc1c-7aed-43d6-b06f-9bc3e5a74ac9', TRUE, '2025-06-14T18:46:06.517Z', FALSE, NULL, NULL, NULL, '2025-11-14T16:32:46.721Z'),
  ('27400c19-2396-41f2-901b-07ad5f744079', 'announcement', '消息26', '这是消息26的内容详情', 'fa7616ea-9dba-438d-bfde-7c3529bd1a0b', '2cf5c567-76a2-485e-b129-e4d81f0a62cc', TRUE, '2025-11-13T23:09:19.747Z', FALSE, NULL, NULL, NULL, '2025-09-04T21:09:20.180Z'),
  ('57ebd4ec-64e7-4e6e-aab3-3e18ef08401d', 'system_document', '消息27', '这是消息27的内容详情', 'd820cb9c-1607-4859-b04e-d5671e7fd6fa', 'fa7616ea-9dba-438d-bfde-7c3529bd1a0b', TRUE, '2024-04-25T11:14:59.463Z', FALSE, NULL, NULL, NULL, '2024-05-02T07:33:33.898Z'),
  ('5cfd2caa-5458-481f-ad1f-d73485a4412f', 'system_document', '消息28', '这是消息28的内容详情', 'a30946c4-4bff-4174-9c70-6641eeaf7676', '3a51a3d4-62dc-42e3-9bcb-8653a10e6fbd', TRUE, '2024-07-31T07:39:39.240Z', TRUE, NULL, NULL, NULL, '2025-08-17T19:12:42.057Z'),
  ('af985416-8d02-40b2-ac0f-9206687760a0', 'announcement', '消息29', '这是消息29的内容详情', '2cf5c567-76a2-485e-b129-e4d81f0a62cc', '9068539f-c76c-4c50-9f9d-feeba3598d08', FALSE, '2025-08-10T03:47:38.051Z', FALSE, NULL, NULL, NULL, '2025-05-11T19:54:45.711Z'),
  ('9f24e96c-827a-4cf3-ae2f-6d87d308b823', 'system_document', '消息30', '这是消息30的内容详情', 'd820cb9c-1607-4859-b04e-d5671e7fd6fa', 'a30946c4-4bff-4174-9c70-6641eeaf7676', FALSE, '2025-03-02T10:05:46.963Z', FALSE, NULL, NULL, NULL, '2024-07-23T16:43:09.108Z'),
  ('f9d1f738-bcef-4eb7-b8bd-0de27f4881ce', 'announcement', '消息31', '这是消息31的内容详情', '2cf5c567-76a2-485e-b129-e4d81f0a62cc', 'faaebc1c-7aed-43d6-b06f-9bc3e5a74ac9', TRUE, '2025-12-10T11:09:38.850Z', FALSE, NULL, NULL, NULL, '2025-01-09T19:52:05.823Z'),
  ('d7c8c648-dcdf-46d1-baa3-84b957ee0d47', 'announcement', '消息32', '这是消息32的内容详情', '9068539f-c76c-4c50-9f9d-feeba3598d08', '6aebb53a-614e-4341-9282-17f21abac93b', FALSE, '2025-02-22T00:11:31.506Z', TRUE, NULL, NULL, NULL, '2025-11-01T20:38:52.884Z'),
  ('f4aca206-d9e6-4929-9053-d23275c04cf2', 'personal', '消息33', '这是消息33的内容详情', '29c4b908-8198-4189-afbe-f47c0682f3ec', '29c4b908-8198-4189-afbe-f47c0682f3ec', FALSE, '2024-09-13T18:59:06.382Z', TRUE, NULL, NULL, NULL, '2024-01-30T13:37:43.537Z'),
  ('b3b3cbc7-b7e6-4e1b-b712-6495e5c98dc3', 'announcement', '消息34', '这是消息34的内容详情', '6d02896d-65e5-4212-914c-caed5b4204f3', 'df3fe545-cb97-4680-8b18-d1655b900af2', FALSE, '2024-08-18T06:54:40.219Z', FALSE, NULL, NULL, NULL, '2025-02-22T14:50:34.184Z'),
  ('8740e7ed-c314-4ce6-8a3e-864068baad4a', 'announcement', '消息35', '这是消息35的内容详情', '9068539f-c76c-4c50-9f9d-feeba3598d08', '2cf5c567-76a2-485e-b129-e4d81f0a62cc', TRUE, '2024-01-12T00:06:09.859Z', FALSE, NULL, NULL, NULL, '2025-07-10T23:09:08.454Z'),
  ('06191040-e791-4709-9b65-fe44680676e5', 'personal', '消息36', '这是消息36的内容详情', 'a30946c4-4bff-4174-9c70-6641eeaf7676', '57a0ece9-99f0-4bca-9cd2-e17f8b4f861e', FALSE, '2025-01-14T21:47:15.408Z', FALSE, NULL, NULL, NULL, '2024-11-17T17:59:08.617Z'),
  ('d4a7b77b-7c2c-458b-8120-ba9364d99717', 'announcement', '消息37', '这是消息37的内容详情', 'd820cb9c-1607-4859-b04e-d5671e7fd6fa', '78b78618-506e-405d-b1f4-4f5bcf2a9fa3', FALSE, '2024-06-20T05:37:52.632Z', FALSE, NULL, NULL, NULL, '2025-02-27T03:09:31.376Z'),
  ('91462635-2a0e-4b65-b1f0-031d45c708f4', 'system_document', '消息38', '这是消息38的内容详情', '57a0ece9-99f0-4bca-9cd2-e17f8b4f861e', 'a3913933-6b7b-4f84-96cd-2f79ea8fae17', FALSE, '2024-01-02T20:41:52.312Z', FALSE, NULL, NULL, NULL, '2025-06-10T11:58:50.366Z'),
  ('b46c9c10-efda-4be3-89fd-48583c5a2230', 'system_document', '消息39', '这是消息39的内容详情', 'aab46720-889b-4e9d-b965-c92c58bd5a32', '6d02896d-65e5-4212-914c-caed5b4204f3', TRUE, '2025-05-10T16:47:35.314Z', FALSE, NULL, NULL, NULL, '2024-06-15T06:16:29.167Z'),
  ('92a8cf3a-786f-4259-b697-206365f200c3', 'announcement', '消息40', '这是消息40的内容详情', '2cf5c567-76a2-485e-b129-e4d81f0a62cc', '29c4b908-8198-4189-afbe-f47c0682f3ec', TRUE, '2025-02-24T15:23:43.437Z', FALSE, NULL, NULL, NULL, '2025-07-25T18:42:15.069Z')
ON CONFLICT (id) DO NOTHING;

INSERT INTO "project_approvals" ("id", "project_id", "approval_type", "applicant_id", "applicant_name", "current_approver_id", "current_approver_name", "status", "current_level", "reject_reason", "approval_data", "created_at", "updated_at", "approved_at", "rejected_at") VALUES
  ('aca9d6fd-6f41-4001-83a3-82d6ebe0f1f5', '5206785f-57e6-4876-a67f-a487ae8c43b5', 'member_change', 'faaebc1c-7aed-43d6-b06f-9bc3e5a74ac9', '马化腾', 'dc6a3f91-a503-4d0d-87e8-c384f6cd25be', '王小川', 'cancelled', 'level_3', NULL, NULL, '2025-10-07T13:25:48.697Z', '2025-11-28T18:24:13.030Z', '2025-05-23T14:26:38.104Z', '2024-06-05T04:57:47.599Z'),
  ('fd171895-7c2f-4d6b-a854-dbff69ad2924', 'fa15107e-9395-432f-9b50-c4ddd9eb45ba', 'new_project', '29c4b908-8198-4189-afbe-f47c0682f3ec', '程维', '7bfe98fe-4c99-46d9-a347-1da2ec69a19b', '李四', 'rejected', 'level_3', NULL, NULL, '2024-02-09T05:45:51.675Z', '2024-12-27T12:17:09.311Z', '2024-04-12T06:30:09.268Z', '2025-02-03T07:20:47.466Z'),
  ('38067903-4434-4e05-bc67-94be1d0aa0c1', 'ed6aa622-525f-48c9-8880-9f3f658b9865', 'new_project', '2cf5c567-76a2-485e-b129-e4d81f0a62cc', '雷军', 'd820cb9c-1607-4859-b04e-d5671e7fd6fa', '黄峥', 'cancelled', 'level_2', NULL, NULL, '2024-04-20T09:25:28.595Z', '2025-02-08T20:49:11.753Z', '2025-08-17T09:18:58.541Z', '2025-03-13T22:53:34.797Z'),
  ('654308da-b28d-456c-9ba8-4266701cf8c8', 'd2a1e196-968d-4ae8-867c-532fd21c9140', 'status_change', '7bfe98fe-4c99-46d9-a347-1da2ec69a19b', '马化腾', '34c1d54c-beab-46cd-8dc1-2cbc32eb8c60', '马云', 'rejected', 'level_2', NULL, NULL, '2024-09-22T04:32:11.399Z', '2025-06-29T12:56:47.471Z', '2025-04-27T01:45:29.022Z', '2024-06-06T01:48:37.629Z'),
  ('80876347-9643-4489-abfb-705eb66e15f6', '32f8ea7d-151b-4a64-af36-71d211748b88', 'new_project', '2cf5c567-76a2-485e-b129-e4d81f0a62cc', '吴十', '29c4b908-8198-4189-afbe-f47c0682f3ec', '黄峥', 'pending', 'level_1', NULL, NULL, '2024-06-02T02:26:35.752Z', '2025-11-04T03:55:41.623Z', '2024-07-14T15:32:12.615Z', '2024-03-04T19:24:42.321Z'),
  ('1d284f1c-14fb-47d6-bb40-35abc85b5e84', '5206785f-57e6-4876-a67f-a487ae8c43b5', 'edit_project', 'a3913933-6b7b-4f84-96cd-2f79ea8fae17', '赵六', '78b78618-506e-405d-b1f4-4f5bcf2a9fa3', '刘强东', 'approved', 'level_2', NULL, NULL, '2025-03-05T13:13:37.232Z', '2024-07-27T03:25:29.306Z', '2025-05-16T03:11:08.250Z', '2024-12-22T20:30:17.745Z'),
  ('1777eea9-4c8b-41b0-818e-fc716ea80f68', '30ad535f-ae9a-4eb9-a20c-b45ca76b661d', 'status_change', 'd820cb9c-1607-4859-b04e-d5671e7fd6fa', '郑一', 'a3913933-6b7b-4f84-96cd-2f79ea8fae17', '宿华', 'pending', 'level_1', NULL, NULL, '2025-12-26T11:58:47.023Z', '2025-06-02T21:59:53.242Z', '2024-12-04T07:30:06.082Z', '2024-01-27T12:09:15.093Z'),
  ('13cccf67-e6e2-4a5c-ada0-00f088272c28', '076f60a9-cb00-4300-b9e2-66e0b29ea3de', 'edit_project', '7bfe98fe-4c99-46d9-a347-1da2ec69a19b', '吴十', '6aebb53a-614e-4341-9282-17f21abac93b', '吴十', 'rejected', 'level_1', NULL, NULL, '2024-03-20T22:12:22.815Z', '2025-08-12T11:06:27.446Z', '2024-09-27T12:03:16.172Z', '2024-06-22T06:23:16.084Z'),
  ('400ee9ff-2888-41c6-a4bf-6105f478306c', 'ed6aa622-525f-48c9-8880-9f3f658b9865', 'member_change', 'dc6a3f91-a503-4d0d-87e8-c384f6cd25be', '钱七', 'df3fe545-cb97-4680-8b18-d1655b900af2', '周九', 'pending', 'level_2', NULL, NULL, '2024-03-14T05:50:12.676Z', '2024-05-22T00:14:52.455Z', '2025-12-18T14:53:06.240Z', '2025-05-24T04:05:16.936Z'),
  ('5f53ec0a-f004-43fa-9093-12107755e3a1', 'fe1be1ec-e5c5-4e73-a2d1-ddca62ba2bdd', 'delete_project', '2cf5c567-76a2-485e-b129-e4d81f0a62cc', '王小川', '6aebb53a-614e-4341-9282-17f21abac93b', '赵六', 'approved', 'level_2', NULL, NULL, '2025-10-11T22:53:37.446Z', '2024-01-22T07:33:11.074Z', '2024-09-29T07:36:01.002Z', '2025-09-27T19:04:41.599Z'),
  ('2b78cd83-ebf0-423c-a832-8c5c0061b2ed', 'fa15107e-9395-432f-9b50-c4ddd9eb45ba', 'delete_project', '3a51a3d4-62dc-42e3-9bcb-8653a10e6fbd', '钱七', 'a3913933-6b7b-4f84-96cd-2f79ea8fae17', '吴十', 'rejected', 'level_3', NULL, NULL, '2025-10-03T04:25:04.621Z', '2024-08-18T15:22:06.117Z', '2025-05-28T04:42:34.273Z', '2024-09-14T01:33:29.436Z'),
  ('790a3e4c-4fec-4f6e-b8e4-59ffec0093b9', 'ed6aa622-525f-48c9-8880-9f3f658b9865', 'member_change', 'faaebc1c-7aed-43d6-b06f-9bc3e5a74ac9', '钱七', '6d02896d-65e5-4212-914c-caed5b4204f3', '雷军', 'pending', 'level_1', NULL, NULL, '2025-08-06T21:29:26.713Z', '2025-06-06T10:25:26.087Z', '2024-04-24T23:17:10.729Z', '2025-01-12T16:23:21.126Z'),
  ('4be8230d-2dba-42c7-a8ea-e3bce88ece31', '5206785f-57e6-4876-a67f-a487ae8c43b5', 'member_change', '34c1d54c-beab-46cd-8dc1-2cbc32eb8c60', '王菲', '57a0ece9-99f0-4bca-9cd2-e17f8b4f861e', '马云', 'approved', 'level_2', NULL, NULL, '2024-05-19T01:04:53.724Z', '2025-05-18T13:09:31.165Z', '2024-10-31T23:08:18.859Z', '2025-06-21T23:47:22.243Z'),
  ('9678901c-aba9-4a29-b0b4-2024817961c6', 'f1840386-635d-4daa-8fce-8a22df519665', 'status_change', '29c4b908-8198-4189-afbe-f47c0682f3ec', '程维', '9068539f-c76c-4c50-9f9d-feeba3598d08', '黄峥', 'approved', 'level_3', NULL, NULL, '2025-12-18T09:20:43.092Z', '2024-09-11T20:33:07.278Z', '2024-03-10T16:56:24.013Z', '2025-04-13T07:45:15.531Z'),
  ('ed8a5eae-9121-43fd-8718-b90fee663183', 'f1840386-635d-4daa-8fce-8a22df519665', 'new_project', '34c1d54c-beab-46cd-8dc1-2cbc32eb8c60', '雷军', '7bfe98fe-4c99-46d9-a347-1da2ec69a19b', '马云', 'pending', 'level_2', NULL, NULL, '2024-04-30T15:27:12.009Z', '2024-12-25T06:44:20.598Z', '2024-05-01T13:34:01.801Z', '2024-06-23T05:25:18.630Z'),
  ('0a1b176f-48c1-4cb8-b232-b71a73d60285', '99dff50f-0e1f-42e2-a456-68924260264a', 'edit_project', 'dc6a3f91-a503-4d0d-87e8-c384f6cd25be', '李四', '7bfe98fe-4c99-46d9-a347-1da2ec69a19b', '王小川', 'approved', 'level_3', NULL, NULL, '2024-09-13T15:30:31.188Z', '2024-09-15T14:48:26.916Z', '2025-09-05T20:38:45.824Z', '2025-08-08T12:33:42.448Z'),
  ('cb6b8599-0e5f-4212-bc39-286b9f60a80b', '99dff50f-0e1f-42e2-a456-68924260264a', 'new_project', '7bfe98fe-4c99-46d9-a347-1da2ec69a19b', '周九', '57a0ece9-99f0-4bca-9cd2-e17f8b4f861e', '王五', 'pending', 'level_1', NULL, NULL, '2024-01-06T23:42:55.055Z', '2025-09-02T11:44:00.751Z', '2025-05-10T13:16:57.690Z', '2025-03-09T20:39:45.503Z'),
  ('ff896a96-5bbf-47c9-a81e-3f9d6f885205', '32f8ea7d-151b-4a64-af36-71d211748b88', 'status_change', '7738499f-1437-4c6d-9122-5e8b97c66fdf', '王菲', '57a0ece9-99f0-4bca-9cd2-e17f8b4f861e', '赵六', 'pending', 'level_3', NULL, NULL, '2025-04-15T14:28:54.103Z', '2025-08-18T07:22:32.462Z', '2024-03-30T21:15:08.835Z', '2024-06-16T11:03:18.648Z'),
  ('e7e6ff90-3301-491b-8984-dca747c4f2c2', '32f8ea7d-151b-4a64-af36-71d211748b88', 'new_project', 'e16c695c-d799-4e58-8b46-8ec748006c06', '马云', '6d02896d-65e5-4212-914c-caed5b4204f3', '王菲', 'pending', 'level_2', NULL, NULL, '2024-03-28T01:16:00.328Z', '2025-06-09T13:43:26.895Z', '2024-06-06T21:42:32.232Z', '2024-04-29T16:49:51.013Z'),
  ('88140779-5bde-4121-9a75-509fdcce40f4', '076f60a9-cb00-4300-b9e2-66e0b29ea3de', 'delete_project', 'dc6a3f91-a503-4d0d-87e8-c384f6cd25be', '王小川', '9068539f-c76c-4c50-9f9d-feeba3598d08', '张一鸣', 'rejected', 'level_1', NULL, NULL, '2024-03-11T19:44:17.467Z', '2024-07-07T22:44:06.468Z', '2024-12-29T02:25:11.509Z', '2025-04-14T11:51:03.307Z')
ON CONFLICT (id) DO NOTHING;

INSERT INTO "project_approval_steps" ("id", "approval_id", "level", "approver_id", "approver_name", "status", "comment", "approved_at", "created_at") VALUES
  ('e72e347a-1ba2-4eef-99e3-8c4e88e1a93a', 'fd171895-7c2f-4d6b-a854-dbff69ad2924', 'level_3', 'aab46720-889b-4e9d-b965-c92c58bd5a32', '王菲', 'pending', '审批意见1', '2024-01-13T12:00:51.961Z', '2025-12-24T19:52:48.326Z'),
  ('64e6ed4a-c331-4315-ace0-bd3018f9ade8', '2b78cd83-ebf0-423c-a832-8c5c0061b2ed', 'level_3', '34c1d54c-beab-46cd-8dc1-2cbc32eb8c60', '黄峥', 'pending', '审批意见2', '2025-03-12T09:36:34.972Z', '2025-07-11T07:24:33.433Z'),
  ('3fce4ad3-c023-401c-8977-607d2f8f5fe8', '654308da-b28d-456c-9ba8-4266701cf8c8', 'level_2', '57a0ece9-99f0-4bca-9cd2-e17f8b4f861e', '吴十', 'rejected', '审批意见3', '2025-10-15T19:39:11.845Z', '2025-05-31T06:22:40.388Z'),
  ('3c08f9bb-d21b-4024-a11f-a371c8f9f2a1', 'fd171895-7c2f-4d6b-a854-dbff69ad2924', 'level_1', 'dc6a3f91-a503-4d0d-87e8-c384f6cd25be', '周九', 'pending', '审批意见4', '2024-07-07T11:38:01.357Z', '2025-10-19T00:37:02.061Z'),
  ('dd1c1d04-b987-4502-841f-b2ff0b87d0ab', 'fd171895-7c2f-4d6b-a854-dbff69ad2924', 'level_1', 'fa7616ea-9dba-438d-bfde-7c3529bd1a0b', '程维', 'approved', '审批意见5', '2025-03-08T20:24:54.941Z', '2025-08-19T06:35:34.879Z'),
  ('f4bc3254-60a4-4243-a625-c03e267345a0', '9678901c-aba9-4a29-b0b4-2024817961c6', 'level_2', 'e16c695c-d799-4e58-8b46-8ec748006c06', '郑一', 'approved', '审批意见6', '2024-01-15T13:07:02.042Z', '2025-09-02T11:22:24.421Z'),
  ('fedbf6ba-e4c5-44da-8122-d46e9bbfea81', '4be8230d-2dba-42c7-a8ea-e3bce88ece31', 'level_1', 'd820cb9c-1607-4859-b04e-d5671e7fd6fa', '吴十', 'approved', '审批意见7', '2025-01-22T11:59:05.149Z', '2024-01-17T09:34:18.596Z'),
  ('5fbeb51d-5e0d-4b8d-beb1-a455728f5df0', '1777eea9-4c8b-41b0-818e-fc716ea80f68', 'level_3', '3a51a3d4-62dc-42e3-9bcb-8653a10e6fbd', '郑一', 'approved', '审批意见8', '2025-04-09T06:24:59.394Z', '2024-03-17T15:24:38.334Z'),
  ('e573ce2a-13b9-4500-81ae-a10a18ba18f1', '400ee9ff-2888-41c6-a4bf-6105f478306c', 'level_1', '34c1d54c-beab-46cd-8dc1-2cbc32eb8c60', '钱七', 'approved', '审批意见9', '2024-05-28T21:14:30.250Z', '2025-12-18T03:05:17.053Z'),
  ('77526e33-a6c2-41b0-bf77-afdc572d2a20', '5f53ec0a-f004-43fa-9093-12107755e3a1', 'level_2', '34c1d54c-beab-46cd-8dc1-2cbc32eb8c60', '刘强东', 'approved', '审批意见10', '2024-06-13T17:54:40.562Z', '2025-02-12T08:35:19.732Z'),
  ('96f40697-b722-4ad5-ab64-bceaa951eecf', '790a3e4c-4fec-4f6e-b8e4-59ffec0093b9', 'level_2', 'faaebc1c-7aed-43d6-b06f-9bc3e5a74ac9', '王五', 'rejected', '审批意见11', '2024-10-28T17:15:06.573Z', '2025-10-28T07:12:42.446Z'),
  ('8e21377c-d73a-4786-b3f6-7cb150468416', 'ff896a96-5bbf-47c9-a81e-3f9d6f885205', 'level_2', 'dc6a3f91-a503-4d0d-87e8-c384f6cd25be', '李四', 'approved', '审批意见12', '2024-08-14T14:52:05.675Z', '2024-07-15T10:33:23.803Z'),
  ('a65f6585-9e95-4ee6-87e8-4edc2141dda3', 'aca9d6fd-6f41-4001-83a3-82d6ebe0f1f5', 'level_1', 'faaebc1c-7aed-43d6-b06f-9bc3e5a74ac9', '马云', 'pending', '审批意见13', '2025-12-29T00:05:27.913Z', '2024-05-30T21:41:00.020Z'),
  ('f17a4f6a-7dd3-4859-9cad-ba9504a85456', '790a3e4c-4fec-4f6e-b8e4-59ffec0093b9', 'level_2', 'df3fe545-cb97-4680-8b18-d1655b900af2', '郑一', 'rejected', '审批意见14', '2024-01-07T04:07:08.004Z', '2024-09-05T05:30:05.747Z'),
  ('2cbf82a6-77f8-4d21-a57a-47f80fd992b4', 'e7e6ff90-3301-491b-8984-dca747c4f2c2', 'level_3', '57a0ece9-99f0-4bca-9cd2-e17f8b4f861e', '王五', 'rejected', '审批意见15', '2024-01-09T21:33:12.692Z', '2024-01-03T08:13:23.743Z'),
  ('1bc904a7-e82f-4edb-8d84-b0887c7aaf6e', '4be8230d-2dba-42c7-a8ea-e3bce88ece31', 'level_2', '57a0ece9-99f0-4bca-9cd2-e17f8b4f861e', '马化腾', 'pending', '审批意见16', '2025-08-12T08:27:58.375Z', '2024-07-04T22:35:49.202Z'),
  ('a381fa81-2514-496f-a568-bf705ecddf74', '1d284f1c-14fb-47d6-bb40-35abc85b5e84', 'level_3', '6d02896d-65e5-4212-914c-caed5b4204f3', '刘强东', 'approved', '审批意见17', '2024-03-29T00:30:44.375Z', '2025-10-09T07:59:25.584Z'),
  ('8780e015-3da1-4813-a42a-5c153b08cfda', '5f53ec0a-f004-43fa-9093-12107755e3a1', 'level_1', 'd820cb9c-1607-4859-b04e-d5671e7fd6fa', '赵六', 'rejected', '审批意见18', '2025-09-28T13:23:01.326Z', '2025-06-03T18:06:43.424Z'),
  ('4a15a6bc-e733-4d59-996d-80445f69cf53', '654308da-b28d-456c-9ba8-4266701cf8c8', 'level_3', 'aab46720-889b-4e9d-b965-c92c58bd5a32', '钱七', 'pending', '审批意见19', '2025-06-04T05:24:55.439Z', '2024-05-20T15:41:10.539Z'),
  ('aac79a00-d0a0-4c14-b8b9-551c0a1d7d63', '38067903-4434-4e05-bc67-94be1d0aa0c1', 'level_2', 'df3fe545-cb97-4680-8b18-d1655b900af2', '钱七', 'approved', '审批意见20', '2024-05-18T14:27:08.880Z', '2025-10-31T03:28:25.357Z'),
  ('854bd24b-aa61-42db-ab32-87f9fe86d7ed', '2b78cd83-ebf0-423c-a832-8c5c0061b2ed', 'level_2', '9068539f-c76c-4c50-9f9d-feeba3598d08', '马化腾', 'approved', '审批意见21', '2024-07-08T10:38:25.087Z', '2024-11-18T18:48:09.507Z'),
  ('5fa2d22d-cd4f-4af7-8741-b2748f48cdc7', '4be8230d-2dba-42c7-a8ea-e3bce88ece31', 'level_2', '7738499f-1437-4c6d-9122-5e8b97c66fdf', '李四', 'rejected', '审批意见22', '2024-05-19T09:56:06.770Z', '2024-12-20T19:38:20.965Z'),
  ('a9d2d019-aa7d-4588-95de-4efcba7372d4', '4be8230d-2dba-42c7-a8ea-e3bce88ece31', 'level_1', '57a0ece9-99f0-4bca-9cd2-e17f8b4f861e', '王菲', 'approved', '审批意见23', '2025-07-12T18:06:32.933Z', '2024-08-30T15:57:37.519Z'),
  ('060daf5d-2698-48c5-be6e-6615c7acc2a9', 'cb6b8599-0e5f-4212-bc39-286b9f60a80b', 'level_3', 'aab46720-889b-4e9d-b965-c92c58bd5a32', '马云', 'pending', '审批意见24', '2024-06-23T04:05:48.327Z', '2025-01-02T06:37:02.932Z'),
  ('0edd1203-e0b5-4002-bd82-07528280a0cd', '1777eea9-4c8b-41b0-818e-fc716ea80f68', 'level_3', '57a0ece9-99f0-4bca-9cd2-e17f8b4f861e', '雷军', 'pending', '审批意见25', '2024-03-10T00:01:36.642Z', '2025-09-24T06:15:47.080Z'),
  ('901ecd72-8962-4c60-9ede-937ecaf801c6', 'ff896a96-5bbf-47c9-a81e-3f9d6f885205', 'level_2', 'd820cb9c-1607-4859-b04e-d5671e7fd6fa', '李四', 'approved', '审批意见26', '2024-05-30T04:21:30.077Z', '2025-10-02T11:29:55.685Z'),
  ('9dd5e42f-592a-427c-9d6f-2beab08b5b9d', '88140779-5bde-4121-9a75-509fdcce40f4', 'level_2', 'fa7616ea-9dba-438d-bfde-7c3529bd1a0b', '马化腾', 'rejected', '审批意见27', '2025-11-02T14:13:09.027Z', '2025-10-23T17:02:52.051Z'),
  ('dfee10fc-9a2c-4b47-8631-e08c7aebd4cc', '5f53ec0a-f004-43fa-9093-12107755e3a1', 'level_2', 'a30946c4-4bff-4174-9c70-6641eeaf7676', '黄峥', 'approved', '审批意见28', '2024-02-19T11:21:39.897Z', '2025-07-02T14:21:02.024Z'),
  ('05c708ec-d546-46ae-ad79-935156ed97d5', '4be8230d-2dba-42c7-a8ea-e3bce88ece31', 'level_1', '3a51a3d4-62dc-42e3-9bcb-8653a10e6fbd', '吴十', 'pending', '审批意见29', '2025-09-19T03:39:22.507Z', '2024-08-11T05:25:21.036Z'),
  ('5daabe98-528c-45d1-b7a3-f564fc2f6330', '1d284f1c-14fb-47d6-bb40-35abc85b5e84', 'level_3', '29c4b908-8198-4189-afbe-f47c0682f3ec', '赵六', 'rejected', '审批意见30', '2024-06-25T17:55:40.356Z', '2024-05-27T03:52:27.040Z'),
  ('f5a2f947-ad70-46e7-bf95-77b5ddfa4993', '13cccf67-e6e2-4a5c-ada0-00f088272c28', 'level_2', '29c4b908-8198-4189-afbe-f47c0682f3ec', '王五', 'approved', '审批意见31', '2025-12-21T00:47:36.480Z', '2025-08-07T14:50:37.113Z'),
  ('e8835c51-bf59-4808-8263-50c4d866109a', '13cccf67-e6e2-4a5c-ada0-00f088272c28', 'level_3', '57a0ece9-99f0-4bca-9cd2-e17f8b4f861e', '钱七', 'rejected', '审批意见32', '2024-04-30T02:51:44.896Z', '2025-07-17T17:45:08.396Z'),
  ('1a8642ec-5322-4370-8418-108474d40455', '5f53ec0a-f004-43fa-9093-12107755e3a1', 'level_3', 'e16c695c-d799-4e58-8b46-8ec748006c06', '钱七', 'approved', '审批意见33', '2024-09-29T00:21:22.915Z', '2025-07-27T07:29:32.345Z'),
  ('41fa0b7b-aa77-4afa-81e0-a2f43f29921e', '38067903-4434-4e05-bc67-94be1d0aa0c1', 'level_3', 'd820cb9c-1607-4859-b04e-d5671e7fd6fa', '刘强东', 'pending', '审批意见34', '2025-05-26T22:59:45.200Z', '2024-03-02T21:06:15.999Z'),
  ('fd53c916-00ad-4ff2-aa05-cb8ff3597347', '13cccf67-e6e2-4a5c-ada0-00f088272c28', 'level_1', '3a51a3d4-62dc-42e3-9bcb-8653a10e6fbd', '刘强东', 'pending', '审批意见35', '2024-11-25T08:54:32.427Z', '2024-05-15T10:16:42.423Z'),
  ('940ac4a1-6e07-437b-8982-c27c9ae8bbde', '1777eea9-4c8b-41b0-818e-fc716ea80f68', 'level_2', 'a3913933-6b7b-4f84-96cd-2f79ea8fae17', '吴十', 'approved', '审批意见36', '2025-02-20T12:47:16.752Z', '2025-04-30T09:48:46.369Z'),
  ('3d115666-0cd3-4f5f-836c-8fc85116cf00', 'fd171895-7c2f-4d6b-a854-dbff69ad2924', 'level_1', 'd820cb9c-1607-4859-b04e-d5671e7fd6fa', '刘强东', 'pending', '审批意见37', '2024-04-30T11:59:34.601Z', '2025-06-28T12:56:02.676Z'),
  ('a1a79db7-49fe-4d2d-8952-8744db24b8ea', '4be8230d-2dba-42c7-a8ea-e3bce88ece31', 'level_1', '7738499f-1437-4c6d-9122-5e8b97c66fdf', '王五', 'approved', '审批意见38', '2025-01-08T22:04:41.169Z', '2024-08-29T23:07:12.396Z'),
  ('a7acebbc-e635-4f8b-b6e9-8d7408353ea2', '0a1b176f-48c1-4cb8-b232-b71a73d60285', 'level_3', '78b78618-506e-405d-b1f4-4f5bcf2a9fa3', '孙八', 'rejected', '审批意见39', '2024-12-24T01:46:19.802Z', '2024-02-14T20:05:21.644Z'),
  ('aecfe6d4-ae27-4f21-93b7-ff721ebc2f43', '5f53ec0a-f004-43fa-9093-12107755e3a1', 'level_1', '2cf5c567-76a2-485e-b129-e4d81f0a62cc', '吴十', 'approved', '审批意见40', '2024-07-01T14:15:40.638Z', '2025-07-07T21:59:04.274Z'),
  ('9c79fa44-53b2-4b19-95d5-84f9fbeb4074', '88140779-5bde-4121-9a75-509fdcce40f4', 'level_2', 'a30946c4-4bff-4174-9c70-6641eeaf7676', '雷军', 'approved', '审批意见41', '2024-07-02T19:12:20.112Z', '2024-08-15T15:21:42.212Z'),
  ('9cee2c9b-69d2-475d-9061-c3939909d0b4', '9678901c-aba9-4a29-b0b4-2024817961c6', 'level_3', 'a3913933-6b7b-4f84-96cd-2f79ea8fae17', '王五', 'approved', '审批意见42', '2024-05-31T17:26:27.203Z', '2025-09-05T21:43:58.690Z'),
  ('fbacdf85-aad8-4f88-beab-7027bf3d8299', '88140779-5bde-4121-9a75-509fdcce40f4', 'level_3', '78b78618-506e-405d-b1f4-4f5bcf2a9fa3', '赵六', 'rejected', '审批意见43', '2024-05-17T16:14:51.277Z', '2024-01-18T02:47:23.348Z'),
  ('8d7e1926-b9b4-4784-b954-eeb640a414a6', '400ee9ff-2888-41c6-a4bf-6105f478306c', 'level_1', 'df3fe545-cb97-4680-8b18-d1655b900af2', '刘强东', 'rejected', '审批意见44', '2025-03-12T15:38:24.120Z', '2024-02-16T09:41:28.367Z'),
  ('1afb36ab-23aa-452a-a056-aa76a4773d46', '9678901c-aba9-4a29-b0b4-2024817961c6', 'level_2', '29c4b908-8198-4189-afbe-f47c0682f3ec', '张三', 'approved', '审批意见45', '2025-02-24T22:44:06.663Z', '2025-11-16T17:49:24.620Z'),
  ('123d6636-9baa-4df3-849d-28d1e5d995f6', '654308da-b28d-456c-9ba8-4266701cf8c8', 'level_1', 'df3fe545-cb97-4680-8b18-d1655b900af2', '程维', 'rejected', '审批意见46', '2024-08-07T17:32:21.640Z', '2024-06-06T10:54:02.928Z'),
  ('a153ed78-cdbb-4b29-bb0d-c10e8caa2980', 'e7e6ff90-3301-491b-8984-dca747c4f2c2', 'level_2', '6d02896d-65e5-4212-914c-caed5b4204f3', '黄峥', 'approved', '审批意见47', '2024-05-26T10:00:47.864Z', '2025-04-13T13:08:44.063Z'),
  ('ac41f887-06bb-4ff5-ba72-5cd26b2adc34', '2b78cd83-ebf0-423c-a832-8c5c0061b2ed', 'level_2', '2cf5c567-76a2-485e-b129-e4d81f0a62cc', '钱七', 'rejected', '审批意见48', '2025-11-04T02:36:25.725Z', '2025-01-06T00:52:55.781Z'),
  ('3663631b-c32a-4b59-a089-0a2d34a01b2a', 'ff896a96-5bbf-47c9-a81e-3f9d6f885205', 'level_1', '3a51a3d4-62dc-42e3-9bcb-8653a10e6fbd', '钱七', 'rejected', '审批意见49', '2025-05-09T16:53:32.083Z', '2024-08-13T01:08:34.232Z'),
  ('81bf80e8-41c8-4050-af30-80d4b1e63a0e', 'fd171895-7c2f-4d6b-a854-dbff69ad2924', 'level_1', 'dc6a3f91-a503-4d0d-87e8-c384f6cd25be', '张一鸣', 'pending', '审批意见50', '2025-03-04T20:28:33.228Z', '2024-05-15T00:00:43.295Z'),
  ('3ef36c19-be2f-4bd7-8c49-c88f2ac7c3c7', '4be8230d-2dba-42c7-a8ea-e3bce88ece31', 'level_2', '29c4b908-8198-4189-afbe-f47c0682f3ec', '王小川', 'rejected', '审批意见51', '2024-09-26T16:05:58.555Z', '2025-10-17T17:05:58.403Z'),
  ('b79e2185-1f43-40e8-95db-42897b83e6a3', 'ed8a5eae-9121-43fd-8718-b90fee663183', 'level_2', '6aebb53a-614e-4341-9282-17f21abac93b', '孙八', 'approved', '审批意见52', '2024-04-21T19:24:45.784Z', '2024-12-16T19:25:50.928Z'),
  ('bf1cf206-b1dc-4aa8-8421-73a7cad39458', '400ee9ff-2888-41c6-a4bf-6105f478306c', 'level_3', '78b78618-506e-405d-b1f4-4f5bcf2a9fa3', '王五', 'rejected', '审批意见53', '2025-02-26T01:37:16.066Z', '2024-08-11T18:42:56.310Z'),
  ('e26f0ae6-80ca-4042-b951-9c4778167dd8', '790a3e4c-4fec-4f6e-b8e4-59ffec0093b9', 'level_2', '6aebb53a-614e-4341-9282-17f21abac93b', '郑一', 'rejected', '审批意见54', '2024-04-09T08:19:10.352Z', '2024-02-28T11:57:38.504Z'),
  ('9d6874b2-025f-4f6b-b192-bfa76a5f5227', 'aca9d6fd-6f41-4001-83a3-82d6ebe0f1f5', 'level_2', '2cf5c567-76a2-485e-b129-e4d81f0a62cc', '周九', 'pending', '审批意见55', '2024-09-05T20:27:32.195Z', '2025-09-30T23:31:11.852Z'),
  ('fc418a55-fa4a-4f24-aca5-f0e9a16b2adc', '38067903-4434-4e05-bc67-94be1d0aa0c1', 'level_3', '29c4b908-8198-4189-afbe-f47c0682f3ec', '雷军', 'pending', '审批意见56', '2025-06-18T14:04:10.658Z', '2025-11-20T01:49:44.565Z'),
  ('d01e0e13-ec3e-4dfd-ab21-c9ae3fff8947', '5f53ec0a-f004-43fa-9093-12107755e3a1', 'level_1', 'df3fe545-cb97-4680-8b18-d1655b900af2', '雷军', 'approved', '审批意见57', '2025-11-28T01:51:16.968Z', '2024-03-30T22:38:51.500Z'),
  ('70ccb8b9-e1c9-41ac-9060-c942bb741272', '5f53ec0a-f004-43fa-9093-12107755e3a1', 'level_1', '7738499f-1437-4c6d-9122-5e8b97c66fdf', '马化腾', 'rejected', '审批意见58', '2025-10-02T12:55:31.290Z', '2025-03-31T08:08:24.905Z'),
  ('f7c5eaa9-8581-4eca-8989-3a4540f335fa', 'aca9d6fd-6f41-4001-83a3-82d6ebe0f1f5', 'level_3', '9068539f-c76c-4c50-9f9d-feeba3598d08', '赵六', 'approved', '审批意见59', '2025-03-02T15:20:17.260Z', '2024-07-11T08:40:39.080Z'),
  ('81c080a6-280b-46dc-a11c-30e994e82b01', '654308da-b28d-456c-9ba8-4266701cf8c8', 'level_1', '34c1d54c-beab-46cd-8dc1-2cbc32eb8c60', '钱七', 'pending', '审批意见60', '2025-01-04T06:48:13.053Z', '2025-01-30T12:36:07.214Z')
ON CONFLICT (id) DO NOTHING;

INSERT INTO "project_approval_flows" ("id", "name", "description", "department_id", "approval_type", "is_enabled", "level_1_approver_id", "level_1_approver_role", "level_2_approver_id", "level_2_approver_role", "level_3_approver_id", "level_3_approver_role", "created_at", "updated_at") VALUES
  ('e2d95d1e-23be-4522-a752-1cb2406c750f', '研发部-审批流程1', '审批流程描述1', '8a1e2db4-fab4-4265-877e-caa8373c4988', 'new_project', TRUE, '29c4b908-8198-4189-afbe-f47c0682f3ec', 'quality_management', '3a51a3d4-62dc-42e3-9bcb-8653a10e6fbd', 'project_manager', '3a51a3d4-62dc-42e3-9bcb-8653a10e6fbd', 'visual_engineer', '2025-03-02T08:53:15.083Z', '2024-08-01T23:45:13.972Z'),
  ('168b0506-dd92-4fc5-a287-0ed453c6ee51', '销售部-审批流程2', '审批流程描述2', 'c6270ce4-4d20-471c-bc9d-8cd5987f22ef', 'new_contract', TRUE, 'aab46720-889b-4e9d-b965-c92c58bd5a32', 'project_manager', 'a30946c4-4bff-4174-9c70-6641eeaf7676', 'electrical_engineer', '6d02896d-65e5-4212-914c-caed5b4204f3', 'system_admin', '2024-01-12T16:47:06.136Z', '2025-10-28T12:06:37.984Z'),
  ('5a70bacb-8f2c-480c-98c2-85c976e4fa3d', '研发部-审批流程3', '审批流程描述3', '8a1e2db4-fab4-4265-877e-caa8373c4988', 'new_contract', TRUE, 'faaebc1c-7aed-43d6-b06f-9bc3e5a74ac9', 'project_management', 'dc6a3f91-a503-4d0d-87e8-c384f6cd25be', 'system_admin', '2cf5c567-76a2-485e-b129-e4d81f0a62cc', 'system_admin', '2024-09-16T02:12:42.976Z', '2025-08-19T16:15:35.357Z'),
  ('4548ee21-087c-44ea-9819-1d800feb37ac', '研发部-审批流程4', '审批流程描述4', '8a1e2db4-fab4-4265-877e-caa8373c4988', 'delete_project', TRUE, '34c1d54c-beab-46cd-8dc1-2cbc32eb8c60', 'electrical_engineer', '7bfe98fe-4c99-46d9-a347-1da2ec69a19b', 'project_management', '6aebb53a-614e-4341-9282-17f21abac93b', 'system_admin', '2024-08-20T05:09:14.110Z', '2024-12-04T13:20:58.647Z'),
  ('9e378643-2daf-4fef-85ad-0a1d204864fd', '人事部-审批流程5', '审批流程描述5', '601ad16d-5c6c-4f95-aee3-3c7ea9ebaf88', 'delete_project', TRUE, '6d02896d-65e5-4212-914c-caed5b4204f3', 'quality_management', 'e16c695c-d799-4e58-8b46-8ec748006c06', 'software_engineer', '29c4b908-8198-4189-afbe-f47c0682f3ec', 'electrical_engineer', '2025-01-26T20:32:42.820Z', '2025-07-28T17:39:10.290Z'),
  ('2097aba9-fba7-4693-8944-e0bae4f55329', '销售部-审批流程6', '审批流程描述6', 'c6270ce4-4d20-471c-bc9d-8cd5987f22ef', 'new_order', TRUE, 'faaebc1c-7aed-43d6-b06f-9bc3e5a74ac9', 'mechanical_engineer', 'a3913933-6b7b-4f84-96cd-2f79ea8fae17', 'visual_engineer', '34c1d54c-beab-46cd-8dc1-2cbc32eb8c60', 'system_admin', '2024-05-22T23:03:21.383Z', '2024-05-21T10:34:25.528Z'),
  ('bedf4c78-bc78-416f-bfad-d893a6c2e84d', '人事部-审批流程7', '审批流程描述7', '601ad16d-5c6c-4f95-aee3-3c7ea9ebaf88', 'edit_project', TRUE, 'faaebc1c-7aed-43d6-b06f-9bc3e5a74ac9', 'system_admin', '9068539f-c76c-4c50-9f9d-feeba3598d08', 'software_engineer', 'd820cb9c-1607-4859-b04e-d5671e7fd6fa', 'visual_engineer', '2024-10-29T00:54:00.751Z', '2025-07-30T04:34:24.019Z'),
  ('2feaaf9c-be4a-4e33-b6f4-3acdc0c82a51', '人事部-审批流程8', '审批流程描述8', '601ad16d-5c6c-4f95-aee3-3c7ea9ebaf88', 'edit_project', TRUE, 'aab46720-889b-4e9d-b965-c92c58bd5a32', 'visual_engineer', 'a30946c4-4bff-4174-9c70-6641eeaf7676', 'system_admin', '7bfe98fe-4c99-46d9-a347-1da2ec69a19b', 'visual_engineer', '2024-12-18T04:02:17.520Z', '2025-01-28T01:29:10.244Z'),
  ('ffa3381b-f7b5-43a4-91d8-69a88234f651', '销售部-审批流程9', '审批流程描述9', 'c6270ce4-4d20-471c-bc9d-8cd5987f22ef', 'new_project', TRUE, 'aab46720-889b-4e9d-b965-c92c58bd5a32', 'project_manager', '34c1d54c-beab-46cd-8dc1-2cbc32eb8c60', 'mechanical_engineer', 'e16c695c-d799-4e58-8b46-8ec748006c06', 'quality_management', '2024-09-08T03:58:44.193Z', '2024-11-08T02:08:55.072Z'),
  ('d1f80dd0-623b-4e8d-ab06-77e53aeeb645', '研发部-审批流程10', '审批流程描述10', '8a1e2db4-fab4-4265-877e-caa8373c4988', 'delete_project', TRUE, '2cf5c567-76a2-485e-b129-e4d81f0a62cc', 'software_engineer', '7bfe98fe-4c99-46d9-a347-1da2ec69a19b', 'system_admin', '34c1d54c-beab-46cd-8dc1-2cbc32eb8c60', 'visual_engineer', '2024-08-31T00:56:32.697Z', '2025-04-23T21:49:18.070Z'),
  ('03b61915-f9f1-4fc4-8007-1353ff019ce1', '市场部-审批流程11', '审批流程描述11', '0c9f1df6-83ba-4dce-a994-dff1bd63560f', 'edit_order', TRUE, 'df3fe545-cb97-4680-8b18-d1655b900af2', 'quality_management', '57a0ece9-99f0-4bca-9cd2-e17f8b4f861e', 'system_admin', 'a3913933-6b7b-4f84-96cd-2f79ea8fae17', 'quality_management', '2025-03-25T21:14:01.554Z', '2025-09-01T11:33:30.263Z'),
  ('b83ed6c4-953c-478c-9dfc-c77b718b1dc9', '研发部-审批流程12', '审批流程描述12', '8a1e2db4-fab4-4265-877e-caa8373c4988', 'edit_order', TRUE, '2cf5c567-76a2-485e-b129-e4d81f0a62cc', 'quality_management', '78b78618-506e-405d-b1f4-4f5bcf2a9fa3', 'project_manager', 'df3fe545-cb97-4680-8b18-d1655b900af2', 'project_management', '2025-01-21T12:06:13.310Z', '2024-06-25T12:19:39.410Z')
ON CONFLICT (id) DO NOTHING;

INSERT INTO "approval_requests" ("id", "request_number", "request_type", "request_id", "title", "content", "status", "applicant_id", "applicant_name", "current_approver_id", "current_approver_name", "current_step", "total_steps", "approval_date", "approval_note", "related_data", "created_at", "updated_at") VALUES
  ('7a3111a7-e4b3-48a8-ad3a-a4c419219400', 'REQ2024001', 'order', '62fea51e-8791-441e-bd97-3ba8e862ed64', '审批申请1', '审批内容详情1', 'pending', 'df3fe545-cb97-4680-8b18-d1655b900af2', '雷军', 'fa7616ea-9dba-438d-bfde-7c3529bd1a0b', '马云', 'level2', 'level3', '2024-02-16T06:21:31.206Z', '审批意见1', NULL, '2025-12-06T00:43:49.950Z', '2025-06-23T16:19:48.687Z'),
  ('533104c9-507a-480e-b2b1-d7f36cf92d2f', 'REQ2024002', 'order', 'fc9cd676-2165-4851-9784-ef226dc7b9c8', '审批申请2', '审批内容详情2', 'cancelled', '6d02896d-65e5-4212-914c-caed5b4204f3', '张三', '7bfe98fe-4c99-46d9-a347-1da2ec69a19b', '王小川', 'level1', 'level3', '2024-04-24T12:25:51.918Z', '审批意见2', NULL, '2024-02-25T07:38:22.095Z', '2024-09-01T09:07:06.473Z'),
  ('a78722d3-cbed-43f0-a38f-34b2061ec247', 'REQ2024003', 'order', '003ca19c-90f1-4982-988f-c81c6f594bd3', '审批申请3', '审批内容详情3', 'rejected', '78b78618-506e-405d-b1f4-4f5bcf2a9fa3', '程维', '6aebb53a-614e-4341-9282-17f21abac93b', '赵六', 'level1', 'level3', '2024-11-03T07:26:18.121Z', '审批意见3', NULL, '2025-04-04T16:30:20.142Z', '2025-05-02T22:01:22.664Z'),
  ('a67b9135-994e-4de4-bc42-99fe09133908', 'REQ2024004', 'contract', '684a5b47-e891-4cec-b6f1-598bda4f754d', '审批申请4', '审批内容详情4', 'approved', '6aebb53a-614e-4341-9282-17f21abac93b', '王小川', 'dc6a3f91-a503-4d0d-87e8-c384f6cd25be', '孙八', 'level1', 'level3', '2025-08-18T07:16:54.588Z', '审批意见4', NULL, '2024-11-08T01:46:40.598Z', '2024-03-28T08:25:38.067Z'),
  ('04bb4a9b-1f0e-4357-9b2a-b8341407f796', 'REQ2024005', 'contract', '684a5b47-e891-4cec-b6f1-598bda4f754d', '审批申请5', '审批内容详情5', 'rejected', 'df3fe545-cb97-4680-8b18-d1655b900af2', '吴十', '78b78618-506e-405d-b1f4-4f5bcf2a9fa3', '王小川', 'level2', 'level3', '2025-06-15T02:22:11.197Z', '审批意见5', NULL, '2025-10-17T09:24:13.507Z', '2025-10-19T06:08:59.200Z'),
  ('ce646093-894f-4a08-9772-1ec4c8547511', 'REQ2024006', 'contract', '6ee8e906-9e57-4bf0-afee-6b012fa94286', '审批申请6', '审批内容详情6', 'rejected', '29c4b908-8198-4189-afbe-f47c0682f3ec', '张一鸣', '6d02896d-65e5-4212-914c-caed5b4204f3', '周九', 'level1', 'level3', '2024-11-09T05:01:21.622Z', '审批意见6', NULL, '2024-10-29T03:20:25.785Z', '2025-07-04T09:28:45.136Z'),
  ('b5e71857-0aee-4324-9a3b-8d6685ffe6b1', 'REQ2024007', 'contract', 'a372b379-9d3e-4d4f-a01d-ca6a470feca9', '审批申请7', '审批内容详情7', 'approved', '57a0ece9-99f0-4bca-9cd2-e17f8b4f861e', '张一鸣', '7738499f-1437-4c6d-9122-5e8b97c66fdf', '孙八', 'level3', 'level3', '2024-12-19T23:14:57.230Z', '审批意见7', NULL, '2025-08-22T07:50:57.000Z', '2025-01-13T08:16:36.853Z'),
  ('ab493694-090c-40cc-8f18-a1f6ee9881ef', 'REQ2024008', 'contract', '1b74bc69-bdb8-4a10-b2b3-42247c7b2a33', '审批申请8', '审批内容详情8', 'rejected', '7738499f-1437-4c6d-9122-5e8b97c66fdf', '王菲', '7738499f-1437-4c6d-9122-5e8b97c66fdf', '李四', 'level2', 'level3', '2025-01-23T19:45:01.213Z', '审批意见8', NULL, '2024-07-28T07:02:43.910Z', '2025-08-30T08:23:38.507Z'),
  ('8ced6ed8-fcec-4c63-ba3c-fccac995eec3', 'REQ2024009', 'order', '003ca19c-90f1-4982-988f-c81c6f594bd3', '审批申请9', '审批内容详情9', 'cancelled', 'faaebc1c-7aed-43d6-b06f-9bc3e5a74ac9', '马云', '2cf5c567-76a2-485e-b129-e4d81f0a62cc', '王小川', 'level2', 'level3', '2024-02-05T05:12:53.333Z', '审批意见9', NULL, '2025-12-25T12:17:57.250Z', '2024-12-04T12:56:27.062Z'),
  ('44c77fa2-c75c-4e59-aa6a-aa5d8680905a', 'REQ2024010', 'order', 'e7c1df99-cddf-4f73-ab84-7a1e8e55df69', '审批申请10', '审批内容详情10', 'cancelled', '2cf5c567-76a2-485e-b129-e4d81f0a62cc', '张一鸣', '6aebb53a-614e-4341-9282-17f21abac93b', '王五', 'level3', 'level3', '2024-10-29T13:04:06.255Z', '审批意见10', NULL, '2025-08-03T02:14:35.413Z', '2025-01-31T06:22:09.318Z'),
  ('5c89eb50-8fdd-4af3-9dbd-864e48a20ab4', 'REQ2024011', 'contract', '6ee8e906-9e57-4bf0-afee-6b012fa94286', '审批申请11', '审批内容详情11', 'approved', '3a51a3d4-62dc-42e3-9bcb-8653a10e6fbd', '李彦宏', 'aab46720-889b-4e9d-b965-c92c58bd5a32', '王小川', 'level3', 'level3', '2024-11-21T23:22:45.602Z', '审批意见11', NULL, '2025-03-24T07:59:11.730Z', '2024-01-24T06:44:32.803Z'),
  ('26a07015-5d89-46f3-b55c-f2a89a744b56', 'REQ2024012', 'order', '751a099e-0f7a-4c8b-ab53-050b61f96bb8', '审批申请12', '审批内容详情12', 'rejected', '34c1d54c-beab-46cd-8dc1-2cbc32eb8c60', '马化腾', 'd820cb9c-1607-4859-b04e-d5671e7fd6fa', '张一鸣', 'level2', 'level3', '2025-06-28T12:02:29.386Z', '审批意见12', NULL, '2024-06-28T00:38:29.906Z', '2024-04-14T17:01:57.688Z'),
  ('218aac53-c4ba-428c-be4d-bb253df4ffc8', 'REQ2024013', 'contract', 'f30fd388-60a2-4e97-bacd-cf68af8aac34', '审批申请13', '审批内容详情13', 'rejected', '9068539f-c76c-4c50-9f9d-feeba3598d08', '程维', 'dc6a3f91-a503-4d0d-87e8-c384f6cd25be', '周九', 'level1', 'level3', '2024-12-09T17:06:09.377Z', '审批意见13', NULL, '2025-08-20T14:55:39.653Z', '2025-03-26T17:28:48.248Z'),
  ('3ef35c52-3434-40fd-8ccb-ac952379ac5e', 'REQ2024014', 'order', '9fb6c237-c73d-4a91-9295-952478d1d4aa', '审批申请14', '审批内容详情14', 'pending', 'dc6a3f91-a503-4d0d-87e8-c384f6cd25be', '郑一', 'a3913933-6b7b-4f84-96cd-2f79ea8fae17', '张三', 'level1', 'level3', '2025-09-27T08:13:36.308Z', '审批意见14', NULL, '2025-01-13T21:21:58.072Z', '2025-03-06T19:24:46.587Z'),
  ('f7236f19-bcc2-4d67-8fd1-336f0ae7b694', 'REQ2024015', 'order', '70a1c400-eb58-49ee-9045-fc629ca7e84f', '审批申请15', '审批内容详情15', 'approved', 'faaebc1c-7aed-43d6-b06f-9bc3e5a74ac9', '郑一', 'a30946c4-4bff-4174-9c70-6641eeaf7676', '周九', 'level1', 'level3', '2025-12-05T01:15:43.358Z', '审批意见15', NULL, '2024-04-16T14:11:20.789Z', '2024-11-23T14:48:57.361Z'),
  ('a5da5c0f-2fc4-4fe0-bfad-b12b019f527a', 'REQ2024016', 'order', '8cf96c0e-bf5c-4ab2-a077-0639f6934457', '审批申请16', '审批内容详情16', 'rejected', '6d02896d-65e5-4212-914c-caed5b4204f3', '孙八', '9068539f-c76c-4c50-9f9d-feeba3598d08', '赵六', 'level2', 'level3', '2025-11-02T04:14:20.666Z', '审批意见16', NULL, '2024-08-13T09:44:45.171Z', '2024-11-20T20:47:13.038Z'),
  ('92ae922b-d3a4-4a98-a229-32ad213d233f', 'REQ2024017', 'order', 'c4ddd043-b9e6-42c1-9a7d-ffa23625b996', '审批申请17', '审批内容详情17', 'approved', 'd820cb9c-1607-4859-b04e-d5671e7fd6fa', '马云', '6aebb53a-614e-4341-9282-17f21abac93b', '赵六', 'level3', 'level3', '2025-02-26T00:20:37.043Z', '审批意见17', NULL, '2025-02-21T13:05:06.223Z', '2024-09-28T20:23:12.883Z'),
  ('a73c4d29-320b-4216-a06c-8d738df91f70', 'REQ2024018', 'contract', '1206c7ae-7556-4723-9e3d-72d6f486abfe', '审批申请18', '审批内容详情18', 'cancelled', '3a51a3d4-62dc-42e3-9bcb-8653a10e6fbd', '郑一', 'faaebc1c-7aed-43d6-b06f-9bc3e5a74ac9', '王小川', 'level2', 'level3', '2024-07-19T02:40:47.642Z', '审批意见18', NULL, '2024-02-04T12:12:25.595Z', '2025-04-13T03:26:52.095Z'),
  ('9c8d24ee-b874-4580-941b-c4a1b2f01c15', 'REQ2024019', 'contract', 'bfaf7f57-b0fb-4fb1-8d50-6668d72f7796', '审批申请19', '审批内容详情19', 'approved', '6d02896d-65e5-4212-914c-caed5b4204f3', '张一鸣', '78b78618-506e-405d-b1f4-4f5bcf2a9fa3', '马化腾', 'level1', 'level3', '2024-10-19T20:26:31.155Z', '审批意见19', NULL, '2024-05-25T05:32:50.506Z', '2025-01-31T06:33:08.713Z'),
  ('001024ff-f0cb-4ac5-97f6-ff8e278b2e63', 'REQ2024020', 'contract', 'aeeff276-4678-4733-8954-72b64d864289', '审批申请20', '审批内容详情20', 'pending', '78b78618-506e-405d-b1f4-4f5bcf2a9fa3', '黄峥', '78b78618-506e-405d-b1f4-4f5bcf2a9fa3', '王菲', 'level1', 'level3', '2025-06-04T01:31:14.368Z', '审批意见20', NULL, '2024-03-25T06:57:33.012Z', '2025-05-21T23:50:24.644Z')
ON CONFLICT (id) DO NOTHING;

INSERT INTO "approval_history" ("id", "request_id", "step", "approver_id", "approver_name", "action", "action_note", "action_at", "created_at") VALUES
  ('faa5bf1b-286a-4f71-83d2-f1b5013b8fdb', '44c77fa2-c75c-4e59-aa6a-aa5d8680905a', 'level3', '7bfe98fe-4c99-46d9-a347-1da2ec69a19b', '雷军', 'reject', '审批意见1', '2024-11-26T07:01:48.335Z', '2024-03-07T11:01:00.677Z'),
  ('7a0b45d1-10b5-4534-8cb6-4aa044cde42c', '26a07015-5d89-46f3-b55c-f2a89a744b56', 'level2', 'df3fe545-cb97-4680-8b18-d1655b900af2', '马化腾', 'reject', '审批意见2', '2024-08-03T01:19:34.759Z', '2024-11-10T21:55:18.048Z'),
  ('4da25559-ec08-4da4-a03d-0ee72a83f348', '9c8d24ee-b874-4580-941b-c4a1b2f01c15', 'level3', 'e16c695c-d799-4e58-8b46-8ec748006c06', '赵六', 'approve', '审批意见3', '2025-06-26T21:34:42.490Z', '2024-01-29T19:10:14.921Z'),
  ('cbde850b-b521-44a4-acf1-daf2d99b3f45', '533104c9-507a-480e-b2b1-d7f36cf92d2f', 'level2', '7bfe98fe-4c99-46d9-a347-1da2ec69a19b', '雷军', 'approve', '审批意见4', '2025-02-14T12:25:38.630Z', '2025-04-12T13:59:44.258Z'),
  ('3d1e2d99-3fc2-4eec-98bb-1c2bbea56c7a', 'b5e71857-0aee-4324-9a3b-8d6685ffe6b1', 'level2', 'a30946c4-4bff-4174-9c70-6641eeaf7676', '李四', 'approve', '审批意见5', '2025-05-11T03:13:10.887Z', '2024-03-07T04:45:01.266Z'),
  ('b1bff62d-7506-4459-b0bf-4f1160cc9946', '3ef35c52-3434-40fd-8ccb-ac952379ac5e', 'level1', '6aebb53a-614e-4341-9282-17f21abac93b', '马云', 'reject', '审批意见6', '2024-03-06T10:43:22.917Z', '2025-07-28T08:57:15.285Z'),
  ('9d1ae37f-a46d-4e23-9a04-641be3c8ed23', 'a78722d3-cbed-43f0-a38f-34b2061ec247', 'level2', '7bfe98fe-4c99-46d9-a347-1da2ec69a19b', '吴十', 'approve', '审批意见7', '2024-11-13T08:28:52.999Z', '2025-01-26T15:56:57.197Z'),
  ('35890de9-349a-47eb-98aa-703ed3f280cb', '001024ff-f0cb-4ac5-97f6-ff8e278b2e63', 'level3', 'faaebc1c-7aed-43d6-b06f-9bc3e5a74ac9', '雷军', 'reject', '审批意见8', '2025-09-29T00:05:25.221Z', '2025-06-12T03:51:26.989Z'),
  ('5bd9f05a-5d09-4e2c-a424-9fe9d9a6a766', '7a3111a7-e4b3-48a8-ad3a-a4c419219400', 'level2', 'df3fe545-cb97-4680-8b18-d1655b900af2', '赵六', 'approve', '审批意见9', '2025-10-12T11:41:46.310Z', '2024-08-28T09:09:32.158Z'),
  ('cafa3947-a37c-457a-968b-5e1366cfb4ba', 'ab493694-090c-40cc-8f18-a1f6ee9881ef', 'level1', '6aebb53a-614e-4341-9282-17f21abac93b', '张一鸣', 'reject', '审批意见10', '2024-07-26T08:26:44.615Z', '2025-09-05T15:03:36.994Z'),
  ('a5546634-b9a2-4755-b395-3e0d8f4b68fd', '8ced6ed8-fcec-4c63-ba3c-fccac995eec3', 'level3', '57a0ece9-99f0-4bca-9cd2-e17f8b4f861e', '李彦宏', 'approve', '审批意见11', '2024-08-10T14:30:08.711Z', '2025-01-26T20:45:02.502Z'),
  ('cdb6d99e-f4ae-4a03-824a-db5b49352d13', '44c77fa2-c75c-4e59-aa6a-aa5d8680905a', 'level2', '3a51a3d4-62dc-42e3-9bcb-8653a10e6fbd', '王五', 'reject', '审批意见12', '2024-08-31T05:03:50.418Z', '2024-01-16T12:50:56.580Z'),
  ('5e01229f-6546-4f80-9154-828732991a37', 'ab493694-090c-40cc-8f18-a1f6ee9881ef', 'level2', '6d02896d-65e5-4212-914c-caed5b4204f3', '王小川', 'reject', '审批意见13', '2024-12-23T01:31:36.534Z', '2024-06-06T09:33:45.084Z'),
  ('8e1abb17-05b7-4886-ba9b-6c814902bfc6', 'b5e71857-0aee-4324-9a3b-8d6685ffe6b1', 'level1', 'dc6a3f91-a503-4d0d-87e8-c384f6cd25be', '王五', 'approve', '审批意见14', '2025-11-05T18:03:36.802Z', '2024-10-16T08:01:52.788Z'),
  ('bdb0a037-85d4-4986-b4c5-a2a121c99fc5', '533104c9-507a-480e-b2b1-d7f36cf92d2f', 'level2', 'd820cb9c-1607-4859-b04e-d5671e7fd6fa', '刘强东', 'reject', '审批意见15', '2024-04-13T19:20:46.449Z', '2024-02-24T10:19:43.162Z'),
  ('43cb922b-1811-4a91-ba9e-a3231ed2c550', '001024ff-f0cb-4ac5-97f6-ff8e278b2e63', 'level3', '57a0ece9-99f0-4bca-9cd2-e17f8b4f861e', '郑一', 'approve', '审批意见16', '2024-01-05T04:26:28.131Z', '2024-03-26T16:12:58.392Z'),
  ('96a870de-8d7d-4622-9332-583316f02ccc', '44c77fa2-c75c-4e59-aa6a-aa5d8680905a', 'level3', '57a0ece9-99f0-4bca-9cd2-e17f8b4f861e', '李四', 'reject', '审批意见17', '2024-12-31T23:50:05.825Z', '2025-01-22T21:09:34.832Z'),
  ('9bfbbee1-4e44-4c3b-a91d-e2b24d32e22f', 'a73c4d29-320b-4216-a06c-8d738df91f70', 'level1', 'faaebc1c-7aed-43d6-b06f-9bc3e5a74ac9', '钱七', 'approve', '审批意见18', '2025-03-09T20:17:17.785Z', '2025-12-21T22:06:54.973Z'),
  ('a2179d08-9240-4c28-af1b-8f784eb82145', '44c77fa2-c75c-4e59-aa6a-aa5d8680905a', 'level2', '34c1d54c-beab-46cd-8dc1-2cbc32eb8c60', '马云', 'approve', '审批意见19', '2025-04-11T22:29:03.411Z', '2024-05-08T10:25:36.327Z'),
  ('a09a8611-807f-4c96-890d-28d9c6403241', '44c77fa2-c75c-4e59-aa6a-aa5d8680905a', 'level2', 'e16c695c-d799-4e58-8b46-8ec748006c06', '钱七', 'reject', '审批意见20', '2024-05-02T18:13:06.281Z', '2025-01-25T04:49:01.007Z'),
  ('fe3e93ad-6ff1-4896-9c72-eeefc6e1c2ab', 'f7236f19-bcc2-4d67-8fd1-336f0ae7b694', 'level3', '7738499f-1437-4c6d-9122-5e8b97c66fdf', '张一鸣', 'reject', '审批意见21', '2025-06-21T04:18:44.933Z', '2025-12-04T17:31:56.752Z'),
  ('1c3e37e6-5ca2-4e23-aa68-aa88e33da8f7', '04bb4a9b-1f0e-4357-9b2a-b8341407f796', 'level3', 'fa7616ea-9dba-438d-bfde-7c3529bd1a0b', '张一鸣', 'reject', '审批意见22', '2024-01-25T06:40:55.663Z', '2024-07-01T15:45:02.021Z'),
  ('304d451d-da0e-4604-8d65-2bb9599c6757', 'ab493694-090c-40cc-8f18-a1f6ee9881ef', 'level2', '6d02896d-65e5-4212-914c-caed5b4204f3', '王菲', 'approve', '审批意见23', '2025-04-08T03:28:01.300Z', '2024-07-31T17:34:39.121Z'),
  ('35ea2293-b9bd-40fc-a0e8-a85e6088e017', 'a5da5c0f-2fc4-4fe0-bfad-b12b019f527a', 'level2', 'dc6a3f91-a503-4d0d-87e8-c384f6cd25be', '雷军', 'reject', '审批意见24', '2025-09-25T11:10:36.584Z', '2025-08-28T14:41:49.878Z'),
  ('b1f72c91-dfed-40fe-81ce-645197b7ac98', '8ced6ed8-fcec-4c63-ba3c-fccac995eec3', 'level1', '3a51a3d4-62dc-42e3-9bcb-8653a10e6fbd', '张一鸣', 'approve', '审批意见25', '2025-02-23T13:48:11.424Z', '2025-07-03T12:41:33.803Z'),
  ('7f6832fe-6a9b-4d1e-9100-8a01d442cff9', '001024ff-f0cb-4ac5-97f6-ff8e278b2e63', 'level3', '6aebb53a-614e-4341-9282-17f21abac93b', '雷军', 'approve', '审批意见26', '2024-04-30T11:23:31.479Z', '2025-10-11T11:48:49.831Z'),
  ('ecc410b0-ea3e-4e75-a2e2-7d4001274126', 'a73c4d29-320b-4216-a06c-8d738df91f70', 'level3', '7bfe98fe-4c99-46d9-a347-1da2ec69a19b', '马云', 'reject', '审批意见27', '2025-01-13T20:17:30.952Z', '2025-04-21T02:11:48.224Z'),
  ('294333db-3cbd-4828-a7d1-07f0b09a6b97', '5c89eb50-8fdd-4af3-9dbd-864e48a20ab4', 'level1', '2cf5c567-76a2-485e-b129-e4d81f0a62cc', '宿华', 'reject', '审批意见28', '2025-10-15T10:58:19.672Z', '2024-01-14T22:46:49.168Z'),
  ('4d6263bf-b7df-49fe-8730-28111f9f2bf5', '3ef35c52-3434-40fd-8ccb-ac952379ac5e', 'level1', 'a3913933-6b7b-4f84-96cd-2f79ea8fae17', '张三', 'approve', '审批意见29', '2025-01-12T07:45:44.845Z', '2025-12-02T03:01:23.452Z'),
  ('fa5929b7-897a-44b7-81fe-7ef86838cd42', '001024ff-f0cb-4ac5-97f6-ff8e278b2e63', 'level1', '6d02896d-65e5-4212-914c-caed5b4204f3', '张一鸣', 'approve', '审批意见30', '2025-02-01T13:29:36.058Z', '2024-10-17T00:10:32.457Z'),
  ('efe5b400-571a-40d0-b6f8-070b5171e928', 'ce646093-894f-4a08-9772-1ec4c8547511', 'level3', '6d02896d-65e5-4212-914c-caed5b4204f3', '马化腾', 'approve', '审批意见31', '2025-05-06T01:29:11.411Z', '2025-03-10T07:18:40.457Z'),
  ('e950e0e0-1901-4702-a5c5-1d287cca9746', '3ef35c52-3434-40fd-8ccb-ac952379ac5e', 'level3', '34c1d54c-beab-46cd-8dc1-2cbc32eb8c60', '张三', 'reject', '审批意见32', '2025-01-15T13:12:41.460Z', '2025-08-09T03:50:02.335Z'),
  ('5c80bc31-305b-49c0-9f7f-db424337b745', 'a5da5c0f-2fc4-4fe0-bfad-b12b019f527a', 'level2', '9068539f-c76c-4c50-9f9d-feeba3598d08', '马云', 'reject', '审批意见33', '2024-01-31T17:00:54.539Z', '2025-10-07T23:50:34.843Z'),
  ('be663fb0-5c92-49dd-bf6c-c9f55d77d63e', 'a78722d3-cbed-43f0-a38f-34b2061ec247', 'level1', '29c4b908-8198-4189-afbe-f47c0682f3ec', '王小川', 'approve', '审批意见34', '2025-03-31T10:16:33.345Z', '2025-09-23T20:22:35.758Z'),
  ('4827c8ef-b8e5-4912-b95a-dbe73d025434', '218aac53-c4ba-428c-be4d-bb253df4ffc8', 'level2', 'a3913933-6b7b-4f84-96cd-2f79ea8fae17', '吴十', 'reject', '审批意见35', '2025-04-21T15:45:37.440Z', '2024-10-10T05:51:53.953Z'),
  ('741796b4-9079-4b35-a660-b6cd5a2eab55', '44c77fa2-c75c-4e59-aa6a-aa5d8680905a', 'level3', 'aab46720-889b-4e9d-b965-c92c58bd5a32', '王五', 'approve', '审批意见36', '2025-04-15T09:41:58.845Z', '2025-03-22T16:11:52.328Z'),
  ('3f3fb183-e620-4963-8680-c7484d8ef591', 'f7236f19-bcc2-4d67-8fd1-336f0ae7b694', 'level3', 'dc6a3f91-a503-4d0d-87e8-c384f6cd25be', '王五', 'approve', '审批意见37', '2024-09-06T16:49:12.473Z', '2024-03-05T09:53:47.320Z'),
  ('d6610e1a-befa-46f4-b0a6-b16916091f57', 'a5da5c0f-2fc4-4fe0-bfad-b12b019f527a', 'level2', 'fa7616ea-9dba-438d-bfde-7c3529bd1a0b', '赵六', 'reject', '审批意见38', '2025-12-25T09:13:45.147Z', '2024-09-14T04:17:56.225Z'),
  ('2113767f-332d-45fe-93e0-a1dfb01235a6', '5c89eb50-8fdd-4af3-9dbd-864e48a20ab4', 'level3', '9068539f-c76c-4c50-9f9d-feeba3598d08', '李彦宏', 'approve', '审批意见39', '2024-09-24T16:16:49.437Z', '2024-08-15T00:50:35.957Z'),
  ('9baa3d24-93a2-4cb2-986b-663286db161a', 'a78722d3-cbed-43f0-a38f-34b2061ec247', 'level2', '34c1d54c-beab-46cd-8dc1-2cbc32eb8c60', '钱七', 'reject', '审批意见40', '2025-04-18T23:35:10.187Z', '2025-01-24T07:31:29.901Z'),
  ('0404c5a3-3de0-48ae-8dd5-c08f64c4ab60', 'ce646093-894f-4a08-9772-1ec4c8547511', 'level1', 'a3913933-6b7b-4f84-96cd-2f79ea8fae17', '郑一', 'approve', '审批意见41', '2025-10-29T09:11:15.101Z', '2024-06-17T01:47:38.436Z'),
  ('942b65a3-5e06-41d1-95d4-619a55d99a5a', '8ced6ed8-fcec-4c63-ba3c-fccac995eec3', 'level3', 'dc6a3f91-a503-4d0d-87e8-c384f6cd25be', '赵六', 'approve', '审批意见42', '2024-07-27T04:13:58.766Z', '2024-02-23T18:18:09.622Z'),
  ('49d037e5-88ce-480c-8152-06a8a8e61b62', '5c89eb50-8fdd-4af3-9dbd-864e48a20ab4', 'level3', '6d02896d-65e5-4212-914c-caed5b4204f3', '钱七', 'approve', '审批意见43', '2024-09-11T17:55:35.681Z', '2025-03-02T08:46:54.414Z'),
  ('065e298f-cb97-4e47-862b-0246e9929fbf', 'f7236f19-bcc2-4d67-8fd1-336f0ae7b694', 'level3', '78b78618-506e-405d-b1f4-4f5bcf2a9fa3', '雷军', 'reject', '审批意见44', '2025-03-28T16:16:38.319Z', '2025-06-10T09:20:21.938Z'),
  ('d4afdca5-8e55-43f1-8d33-700d33fe22d5', '92ae922b-d3a4-4a98-a229-32ad213d233f', 'level1', 'd820cb9c-1607-4859-b04e-d5671e7fd6fa', '赵六', 'reject', '审批意见45', '2024-06-04T05:49:28.748Z', '2025-07-20T01:12:28.122Z'),
  ('c9fa2aeb-565e-4942-aacb-57a448ca9592', '9c8d24ee-b874-4580-941b-c4a1b2f01c15', 'level3', '7bfe98fe-4c99-46d9-a347-1da2ec69a19b', '钱七', 'approve', '审批意见46', '2025-05-13T05:51:19.159Z', '2024-12-15T11:20:08.823Z'),
  ('394bd35c-0411-4644-ae40-29ab4d7a5caf', '533104c9-507a-480e-b2b1-d7f36cf92d2f', 'level2', 'aab46720-889b-4e9d-b965-c92c58bd5a32', '马云', 'approve', '审批意见47', '2025-08-31T14:54:49.779Z', '2024-07-22T06:55:11.586Z'),
  ('1076667d-9f02-42c5-9fce-c356ed5bb4bc', '26a07015-5d89-46f3-b55c-f2a89a744b56', 'level3', 'd820cb9c-1607-4859-b04e-d5671e7fd6fa', '赵六', 'reject', '审批意见48', '2025-02-03T01:33:42.847Z', '2024-07-23T21:44:17.369Z'),
  ('0a31a339-34b4-4a6c-9b95-a89424f6e9a0', 'ce646093-894f-4a08-9772-1ec4c8547511', 'level3', 'a30946c4-4bff-4174-9c70-6641eeaf7676', '王菲', 'approve', '审批意见49', '2024-11-07T22:39:06.024Z', '2025-03-11T23:18:40.780Z'),
  ('f4f5184f-f952-4216-a45f-2c3725f627a0', '04bb4a9b-1f0e-4357-9b2a-b8341407f796', 'level3', '29c4b908-8198-4189-afbe-f47c0682f3ec', '黄峥', 'reject', '审批意见50', '2025-06-17T20:39:02.691Z', '2024-03-29T15:30:33.397Z'),
  ('ff7e6165-dd13-468a-9ff9-dbfb28bf6c7e', 'f7236f19-bcc2-4d67-8fd1-336f0ae7b694', 'level3', 'a3913933-6b7b-4f84-96cd-2f79ea8fae17', '宿华', 'reject', '审批意见51', '2025-12-27T10:26:24.356Z', '2025-03-05T15:33:26.979Z'),
  ('aee313da-d2e6-47b2-b70e-858e64840bd8', '44c77fa2-c75c-4e59-aa6a-aa5d8680905a', 'level1', 'df3fe545-cb97-4680-8b18-d1655b900af2', '张一鸣', 'approve', '审批意见52', '2024-09-25T17:30:10.545Z', '2024-03-14T17:08:43.691Z'),
  ('ad8e9d99-d0ce-485c-96da-8bdc4eb653d2', '8ced6ed8-fcec-4c63-ba3c-fccac995eec3', 'level1', 'fa7616ea-9dba-438d-bfde-7c3529bd1a0b', '周九', 'approve', '审批意见53', '2025-12-20T07:12:47.137Z', '2024-12-31T18:09:06.573Z'),
  ('540e79b3-9a2b-4726-91ef-d4c4794cee9b', '218aac53-c4ba-428c-be4d-bb253df4ffc8', 'level1', 'aab46720-889b-4e9d-b965-c92c58bd5a32', '刘强东', 'reject', '审批意见54', '2025-02-01T20:58:36.703Z', '2024-04-11T09:19:19.477Z'),
  ('4159608f-6ebe-4e0a-8f18-643988c87aa6', '5c89eb50-8fdd-4af3-9dbd-864e48a20ab4', 'level3', 'a3913933-6b7b-4f84-96cd-2f79ea8fae17', '王菲', 'approve', '审批意见55', '2024-02-22T01:50:29.576Z', '2024-05-11T19:00:23.072Z'),
  ('1e2f2561-3d68-4b75-8df0-044eb4ddba39', 'a78722d3-cbed-43f0-a38f-34b2061ec247', 'level3', 'a3913933-6b7b-4f84-96cd-2f79ea8fae17', '程维', 'approve', '审批意见56', '2024-04-03T04:12:07.315Z', '2025-11-12T15:08:42.754Z'),
  ('73a6aaf0-05a5-47aa-a52c-c46c8cffd822', '5c89eb50-8fdd-4af3-9dbd-864e48a20ab4', 'level1', 'dc6a3f91-a503-4d0d-87e8-c384f6cd25be', '王菲', 'reject', '审批意见57', '2024-09-23T17:47:03.078Z', '2024-03-06T11:16:24.786Z'),
  ('bf1d0230-fc37-443c-b8d8-6f612e2ace8e', '8ced6ed8-fcec-4c63-ba3c-fccac995eec3', 'level1', 'aab46720-889b-4e9d-b965-c92c58bd5a32', '雷军', 'reject', '审批意见58', '2025-10-25T21:13:35.764Z', '2024-07-26T10:14:14.803Z'),
  ('a6c4727e-9a5c-4cfe-95a9-104986928aee', '218aac53-c4ba-428c-be4d-bb253df4ffc8', 'level3', '9068539f-c76c-4c50-9f9d-feeba3598d08', '钱七', 'approve', '审批意见59', '2025-04-19T07:21:06.144Z', '2024-01-14T18:22:03.834Z'),
  ('f05d2287-7459-4ebb-8547-c23150938f87', '7a3111a7-e4b3-48a8-ad3a-a4c419219400', 'level1', '3a51a3d4-62dc-42e3-9bcb-8653a10e6fbd', '王小川', 'approve', '审批意见60', '2024-02-28T17:23:19.353Z', '2025-03-06T10:20:30.383Z')
ON CONFLICT (id) DO NOTHING;

INSERT INTO "system_logs" ("id", "action", "resource", "resource_id", "user_id", "username", "full_name", "details", "ip_address", "user_agent", "status", "error_message", "created_at") VALUES
  ('2a50bce0-a1a7-4da9-8086-7d1af585d917', 'approve', 'order', '9b8b5996-dd18-4de6-940d-3bea29285a85', '6aebb53a-614e-4341-9282-17f21abac93b', 'user3', '王五', '操作详情1', '192.168.1.120', 'Mozilla/5.0 (Windows NT 10.0; Win64; x64)', 'success', NULL, '2024-08-02T05:38:42.449Z'),
  ('5956ec1d-81a0-412e-83d3-84001cf011fe', 'update', 'contract', 'c99369af-d72e-4c7f-a068-050f5455f599', 'aab46720-889b-4e9d-b965-c92c58bd5a32', 'user20', '吴十', '操作详情2', '192.168.1.191', 'Mozilla/5.0 (Windows NT 10.0; Win64; x64)', 'success', NULL, '2025-01-26T12:22:26.387Z'),
  ('80eae201-0262-4257-b4d8-90c331c65679', 'reject', 'user', 'eac8cb4c-981a-4998-bc59-e2eb175a2a11', '9068539f-c76c-4c50-9f9d-feeba3598d08', 'user20', '马化腾', '操作详情3', '192.168.1.229', 'Mozilla/5.0 (Windows NT 10.0; Win64; x64)', 'failed', NULL, '2025-03-28T02:44:12.303Z'),
  ('fad92cf3-51a7-4db9-a0be-a0c2936fcee9', 'update', 'project', 'd072d3a5-8c7a-4a01-a381-338ea5a00a35', 'faaebc1c-7aed-43d6-b06f-9bc3e5a74ac9', 'user18', '吴十', '操作详情4', '192.168.1.235', 'Mozilla/5.0 (Windows NT 10.0; Win64; x64)', 'failed', NULL, '2025-12-08T22:18:30.556Z'),
  ('2795db05-10e7-45d7-9bcd-8d7a5bcdd66e', 'login', 'project', 'e9c6d5f0-96f8-451b-b6be-0dbb1eba55c3', 'faaebc1c-7aed-43d6-b06f-9bc3e5a74ac9', 'user11', '王五', '操作详情5', '192.168.1.61', 'Mozilla/5.0 (Windows NT 10.0; Win64; x64)', 'failed', NULL, '2024-01-30T12:08:30.558Z'),
  ('c820e082-57dd-49d6-b052-9524eafadc6f', 'create', 'order', 'dcd0cd90-e101-4a86-8e03-1d1e6a80e414', '7738499f-1437-4c6d-9122-5e8b97c66fdf', 'user17', '郑一', '操作详情6', '192.168.1.156', 'Mozilla/5.0 (Windows NT 10.0; Win64; x64)', 'failed', NULL, '2025-01-09T09:18:42.661Z'),
  ('905a0ab8-7487-4205-a9de-e17cc66b3508', 'approve', 'contract', 'c2f9489d-2476-42e4-8065-d860801f4dad', '7bfe98fe-4c99-46d9-a347-1da2ec69a19b', 'user4', '刘强东', '操作详情7', '192.168.1.197', 'Mozilla/5.0 (Windows NT 10.0; Win64; x64)', 'success', NULL, '2025-09-03T20:10:26.430Z'),
  ('24de556e-e6e5-4f29-962a-f6a07ca99b6d', 'logout', 'contract', '5718aab6-ab2a-4ab8-951b-af5949bfef87', '57a0ece9-99f0-4bca-9cd2-e17f8b4f861e', 'user9', '张一鸣', '操作详情8', '192.168.1.208', 'Mozilla/5.0 (Windows NT 10.0; Win64; x64)', 'failed', NULL, '2024-07-31T14:16:26.347Z'),
  ('2db09c6f-293d-4d81-b9ff-5501d929bcfc', 'create', 'user', '063c369a-7ec7-48bc-bc8e-fe8c7e107d0a', 'a3913933-6b7b-4f84-96cd-2f79ea8fae17', 'user4', '孙八', '操作详情9', '192.168.1.203', 'Mozilla/5.0 (Windows NT 10.0; Win64; x64)', 'success', NULL, '2025-06-08T07:44:14.663Z'),
  ('0a98cd6e-b6cc-4089-847a-d671d49a79e9', 'approve', 'contract', 'f877fef4-3be5-4a13-83c9-5a78dc41be22', 'df3fe545-cb97-4680-8b18-d1655b900af2', 'user8', '程维', '操作详情10', '192.168.1.7', 'Mozilla/5.0 (Windows NT 10.0; Win64; x64)', 'success', NULL, '2025-11-11T10:51:59.376Z'),
  ('06b36823-4c7a-407b-ae62-1f896b65e2a2', 'reject', 'customer', 'f2cbd0e6-b311-4045-882e-c44194a8091d', '7738499f-1437-4c6d-9122-5e8b97c66fdf', 'user19', '马云', '操作详情11', '192.168.1.150', 'Mozilla/5.0 (Windows NT 10.0; Win64; x64)', 'failed', NULL, '2025-10-06T19:49:55.170Z'),
  ('9a9c9b0c-9231-4716-ab33-3cf692c74c41', 'update', 'message', '52ab7d79-c9e5-4750-abad-b1c2d4358fd5', 'df3fe545-cb97-4680-8b18-d1655b900af2', 'user1', '马云', '操作详情12', '192.168.1.93', 'Mozilla/5.0 (Windows NT 10.0; Win64; x64)', 'success', NULL, '2025-08-06T17:29:56.329Z'),
  ('490fcfe9-698d-42ba-9cb7-07faf501f076', 'reject', 'project', 'cd24b07c-81be-444a-9de2-8d9e663c1e0b', '78b78618-506e-405d-b1f4-4f5bcf2a9fa3', 'user9', '李四', '操作详情13', '192.168.1.161', 'Mozilla/5.0 (Windows NT 10.0; Win64; x64)', 'failed', NULL, '2024-08-23T14:39:17.757Z'),
  ('e212b2d5-9ced-4a5d-8da0-a789d2ca6beb', 'update', 'order', '6937db77-a4c7-428e-95e0-8419224aa7f0', '6d02896d-65e5-4212-914c-caed5b4204f3', 'user1', '王菲', '操作详情14', '192.168.1.216', 'Mozilla/5.0 (Windows NT 10.0; Win64; x64)', 'success', NULL, '2024-10-01T20:35:42.874Z'),
  ('8d559928-ad85-4b9b-ad34-8796e6127c81', 'approve', 'user', '25c7ffdb-bd68-418b-9b81-d42e95490d58', '2cf5c567-76a2-485e-b129-e4d81f0a62cc', 'user15', '刘强东', '操作详情15', '192.168.1.195', 'Mozilla/5.0 (Windows NT 10.0; Win64; x64)', 'success', NULL, '2024-08-21T23:54:10.189Z'),
  ('50b44114-3c09-45da-bdcf-6dcc732ddee3', 'delete', 'task', '623783f8-ee08-46e8-b707-53e73f316213', '6d02896d-65e5-4212-914c-caed5b4204f3', 'user3', '张三', '操作详情16', '192.168.1.33', 'Mozilla/5.0 (Windows NT 10.0; Win64; x64)', 'failed', NULL, '2024-04-03T11:36:37.433Z'),
  ('80193b12-5767-44e3-89ba-82ea9792d3ba', 'login', 'customer', 'df042638-6df7-4d1c-92f5-ead8ab773c37', 'a30946c4-4bff-4174-9c70-6641eeaf7676', 'user4', '张一鸣', '操作详情17', '192.168.1.34', 'Mozilla/5.0 (Windows NT 10.0; Win64; x64)', 'success', NULL, '2025-07-30T20:12:56.856Z'),
  ('811d28dd-43e5-4833-964d-a2129bebe14b', 'reject', 'message', '09d62cbe-c6a4-4161-a463-30b9aa5cea69', '2cf5c567-76a2-485e-b129-e4d81f0a62cc', 'user15', '张一鸣', '操作详情18', '192.168.1.36', 'Mozilla/5.0 (Windows NT 10.0; Win64; x64)', 'success', NULL, '2024-09-18T02:46:36.692Z'),
  ('e5c09d27-2001-432c-bffa-7fbecc9f67d7', 'reject', 'customer', 'db8d3f70-7658-4117-a650-8b280b67512a', '29c4b908-8198-4189-afbe-f47c0682f3ec', 'user11', '张三', '操作详情19', '192.168.1.7', 'Mozilla/5.0 (Windows NT 10.0; Win64; x64)', 'failed', NULL, '2025-11-23T04:20:51.340Z'),
  ('251d0706-0998-4486-b65c-2f69e3b766cf', 'logout', 'customer', '58c75e3e-04ec-4773-af66-021700ce6e4b', '7bfe98fe-4c99-46d9-a347-1da2ec69a19b', 'user3', '黄峥', '操作详情20', '192.168.1.74', 'Mozilla/5.0 (Windows NT 10.0; Win64; x64)', 'failed', NULL, '2025-02-24T08:13:35.729Z'),
  ('bcdc887a-4b12-40a0-960a-3fd1cbd23363', 'update', 'contract', 'a0726aac-349c-4090-9c5e-e6ceffe5858d', 'aab46720-889b-4e9d-b965-c92c58bd5a32', 'user4', '程维', '操作详情21', '192.168.1.73', 'Mozilla/5.0 (Windows NT 10.0; Win64; x64)', 'failed', NULL, '2025-04-13T10:06:54.978Z'),
  ('1584ac12-e9e1-416a-bd5c-1e0c1ed2bc9e', 'reject', 'order', '870e5717-a671-4de1-b1b5-b6ef99a1716b', 'fa7616ea-9dba-438d-bfde-7c3529bd1a0b', 'user19', '马化腾', '操作详情22', '192.168.1.28', 'Mozilla/5.0 (Windows NT 10.0; Win64; x64)', 'failed', NULL, '2025-11-24T13:05:20.760Z'),
  ('f3a559cc-5335-482c-92a6-d17b3e35624f', 'login', 'contract', '1b2e1bcc-c35a-4b58-93bf-16f5082ade3c', '34c1d54c-beab-46cd-8dc1-2cbc32eb8c60', 'user17', '程维', '操作详情23', '192.168.1.1', 'Mozilla/5.0 (Windows NT 10.0; Win64; x64)', 'failed', NULL, '2024-10-07T14:38:31.322Z'),
  ('8ed9a73a-d50c-40c9-b462-2f859977396c', 'update', 'task', '742853cb-5ad7-4ecc-b732-fbb1f5b72866', '3a51a3d4-62dc-42e3-9bcb-8653a10e6fbd', 'user19', '宿华', '操作详情24', '192.168.1.109', 'Mozilla/5.0 (Windows NT 10.0; Win64; x64)', 'success', NULL, '2025-03-18T09:43:28.781Z'),
  ('23f2619d-d984-4231-b560-33168da7ac32', 'create', 'task', '5e4570f7-2cba-4cf7-bd3a-5419387a6f06', '7bfe98fe-4c99-46d9-a347-1da2ec69a19b', 'user2', '张三', '操作详情25', '192.168.1.86', 'Mozilla/5.0 (Windows NT 10.0; Win64; x64)', 'failed', NULL, '2024-12-08T17:48:42.152Z'),
  ('13950e60-829f-49c6-bc9c-f217577ef8c6', 'logout', 'task', 'a2a7d5ce-c7cc-4e38-a86c-f09fb12ef5c4', 'aab46720-889b-4e9d-b965-c92c58bd5a32', 'user18', '雷军', '操作详情26', '192.168.1.252', 'Mozilla/5.0 (Windows NT 10.0; Win64; x64)', 'failed', NULL, '2025-04-20T13:20:15.273Z'),
  ('b6e6780e-962f-4ed0-8fdd-843421e13cab', 'delete', 'customer', '4f8893c8-57ac-4e58-99f2-87e5c7dfe260', 'd820cb9c-1607-4859-b04e-d5671e7fd6fa', 'user7', '雷军', '操作详情27', '192.168.1.104', 'Mozilla/5.0 (Windows NT 10.0; Win64; x64)', 'success', NULL, '2024-05-05T19:41:40.893Z'),
  ('e2757037-8ca2-407e-b98d-5c900d3b2155', 'login', 'task', 'f8505a50-3bd0-48ba-b875-9585648531e1', 'a3913933-6b7b-4f84-96cd-2f79ea8fae17', 'user17', '黄峥', '操作详情28', '192.168.1.1', 'Mozilla/5.0 (Windows NT 10.0; Win64; x64)', 'success', NULL, '2025-05-02T15:40:20.439Z'),
  ('456678a2-cfe4-4213-a6a6-6f03fedf2b01', 'reject', 'message', 'e73b08da-2cf4-425d-bef1-17f64cb29ae1', 'a3913933-6b7b-4f84-96cd-2f79ea8fae17', 'user18', '周九', '操作详情29', '192.168.1.16', 'Mozilla/5.0 (Windows NT 10.0; Win64; x64)', 'success', NULL, '2025-02-19T05:17:35.988Z'),
  ('514e61e8-344d-4510-80c5-726b48008ac4', 'delete', 'order', 'e5769f26-6262-4dc9-b2c7-9b0080cd1bc5', 'a30946c4-4bff-4174-9c70-6641eeaf7676', 'user20', '钱七', '操作详情30', '192.168.1.113', 'Mozilla/5.0 (Windows NT 10.0; Win64; x64)', 'success', NULL, '2025-12-13T13:22:37.872Z'),
  ('25755235-8426-475a-ab62-603fca501646', 'login', 'user', 'b4aea132-4680-422a-8647-4fbf38d0fa16', '6d02896d-65e5-4212-914c-caed5b4204f3', 'user13', '宿华', '操作详情31', '192.168.1.60', 'Mozilla/5.0 (Windows NT 10.0; Win64; x64)', 'success', NULL, '2025-06-02T03:35:57.905Z'),
  ('93998909-0a8b-4698-9c15-d80598a5af01', 'approve', 'user', '7dd867c4-ebe2-4bae-aee8-1750e5451762', 'e16c695c-d799-4e58-8b46-8ec748006c06', 'user16', '王小川', '操作详情32', '192.168.1.13', 'Mozilla/5.0 (Windows NT 10.0; Win64; x64)', 'failed', NULL, '2024-02-02T00:27:11.563Z'),
  ('007bfddc-04ad-4bfd-89c5-6db80b3e0bb5', 'create', 'project', '02b684dd-463f-497c-b79e-28199fc2537b', '2cf5c567-76a2-485e-b129-e4d81f0a62cc', 'user18', '张三', '操作详情33', '192.168.1.71', 'Mozilla/5.0 (Windows NT 10.0; Win64; x64)', 'success', NULL, '2025-01-06T15:58:27.302Z'),
  ('64a42157-ef59-4c68-a831-f14866f8ad5d', 'update', 'order', 'd2b194e0-6cb0-46e3-832b-391a8cf3d07c', 'd820cb9c-1607-4859-b04e-d5671e7fd6fa', 'user9', '钱七', '操作详情34', '192.168.1.244', 'Mozilla/5.0 (Windows NT 10.0; Win64; x64)', 'failed', NULL, '2025-06-18T06:04:27.811Z'),
  ('5a8ecc3d-5c02-412c-8a70-ed1b7cb31132', 'create', 'task', 'a891eee3-7296-404b-9e25-30c3315f670a', '34c1d54c-beab-46cd-8dc1-2cbc32eb8c60', 'user16', '钱七', '操作详情35', '192.168.1.14', 'Mozilla/5.0 (Windows NT 10.0; Win64; x64)', 'failed', NULL, '2024-05-07T07:42:43.330Z'),
  ('2e23af10-71de-4ae3-9f6d-0593466c5a3c', 'logout', 'project', '906bc3bb-b57f-417f-bc5a-a71b1f278aa7', '7bfe98fe-4c99-46d9-a347-1da2ec69a19b', 'user9', '马云', '操作详情36', '192.168.1.205', 'Mozilla/5.0 (Windows NT 10.0; Win64; x64)', 'success', NULL, '2024-07-05T18:02:00.903Z'),
  ('32822125-aab3-4553-b04f-4083bc99d8df', 'approve', 'contract', 'f66f9de3-d86b-4c70-8895-2397a3c8083b', 'fa7616ea-9dba-438d-bfde-7c3529bd1a0b', 'user6', '吴十', '操作详情37', '192.168.1.5', 'Mozilla/5.0 (Windows NT 10.0; Win64; x64)', 'success', NULL, '2024-10-16T23:23:44.453Z'),
  ('e870dcd8-6435-49b4-b50d-972e78b3bf4c', 'login', 'message', '2a5e7fe2-6850-4489-8c60-300064f4ed29', '9068539f-c76c-4c50-9f9d-feeba3598d08', 'user6', '马云', '操作详情38', '192.168.1.239', 'Mozilla/5.0 (Windows NT 10.0; Win64; x64)', 'success', NULL, '2024-12-29T22:02:26.633Z'),
  ('dc003d5a-15a5-4060-8800-ef2df0f52d0c', 'approve', 'project', '0dafb278-0b02-4e47-8697-efe08b246209', 'a30946c4-4bff-4174-9c70-6641eeaf7676', 'user10', '宿华', '操作详情39', '192.168.1.90', 'Mozilla/5.0 (Windows NT 10.0; Win64; x64)', 'success', NULL, '2024-07-28T18:38:04.638Z'),
  ('72d293f5-903e-4916-81a3-3f03a72141e0', 'reject', 'project', '44d3d8ad-58fd-4fb6-b531-6199ef6b2d5b', 'faaebc1c-7aed-43d6-b06f-9bc3e5a74ac9', 'user14', '李四', '操作详情40', '192.168.1.119', 'Mozilla/5.0 (Windows NT 10.0; Win64; x64)', 'success', NULL, '2025-11-29T09:53:49.123Z')
ON CONFLICT (id) DO NOTHING;

INSERT INTO "login_logs" ("id", "user_id", "username", "employee_number", "full_name", "login_time", "logout_time", "login_duration", "ip_address", "previous_ip_address", "user_agent", "device_type", "browser", "os", "login_method", "login_status", "is_sensitive_operation", "sensitive_operation_type", "error_message", "created_at") VALUES
  ('f1b21428-2897-4e37-8bb6-ea3966c60cd8', 'd820cb9c-1607-4859-b04e-d5671e7fd6fa', 'user7', 'EMP00007', '周九', '2025-02-11T05:53:14.828Z', '2025-02-11T05:55:32.005Z', '137', '192.168.1.162', '192.168.1.237', 'Mozilla/5.0 (Windows NT 10.0; Win64; x64)', 'desktop', 'Chrome', 'macOS', 'mac', 'success', FALSE, NULL, NULL, '2025-08-04T01:52:47.486Z'),
  ('5a946b84-ca0f-4b9a-8b6a-8a6923b1ca8d', 'df3fe545-cb97-4680-8b18-d1655b900af2', 'user5', 'EMP00005', '钱七', '2024-04-14T22:08:15.003Z', '2024-04-15T02:06:28.845Z', '14293', '192.168.1.121', '192.168.1.29', 'Mozilla/5.0 (Windows NT 10.0; Win64; x64)', 'mobile', 'Safari', 'Linux', 'mac', 'success', FALSE, NULL, NULL, '2024-02-16T21:41:19.012Z'),
  ('0a5501e8-0566-41fa-a2de-fd6d07aedd42', 'df3fe545-cb97-4680-8b18-d1655b900af2', 'user5', 'EMP00005', '钱七', '2025-10-05T15:55:07.941Z', '2025-10-05T17:08:19.100Z', '4391', '192.168.1.202', '192.168.1.103', 'Mozilla/5.0 (Windows NT 10.0; Win64; x64)', 'tablet', 'Chrome', 'Android', 'mac', 'success', TRUE, 'mac_bound', NULL, '2024-10-08T16:52:57.848Z'),
  ('b8f110b5-083b-4ea9-9148-d336f0a0c416', '29c4b908-8198-4189-afbe-f47c0682f3ec', 'user11', 'EMP00011', '马云', '2024-02-26T10:34:59.774Z', '2024-02-26T13:51:28.323Z', '11788', '192.168.1.236', '192.168.1.228', 'Mozilla/5.0 (Windows NT 10.0; Win64; x64)', 'mobile', 'Firefox', 'macOS', 'password', 'success', TRUE, 'mac_bound', NULL, '2025-06-13T18:03:26.723Z'),
  ('8013d8ef-3d3b-4dce-812c-ae5b256d9c97', 'a30946c4-4bff-4174-9c70-6641eeaf7676', 'user1', 'EMP00001', '张三', '2024-12-19T20:59:28.866Z', '2024-12-20T03:41:18.595Z', '24109', '192.168.1.49', '192.168.1.68', 'Mozilla/5.0 (Windows NT 10.0; Win64; x64)', 'mobile', 'Firefox', 'Android', 'mac', 'success', FALSE, 'password_changed', NULL, '2025-07-18T07:27:52.757Z'),
  ('ee87da6d-3472-470b-9b34-a1236ed68a8d', 'aab46720-889b-4e9d-b965-c92c58bd5a32', 'user4', 'EMP00004', '赵六', '2025-10-05T16:48:47.771Z', '2025-10-05T21:09:17.430Z', '15629', '192.168.1.5', '192.168.1.11', 'Mozilla/5.0 (Windows NT 10.0; Win64; x64)', 'mobile', 'Chrome', 'macOS', 'mac', 'success', FALSE, 'ip_changed', NULL, '2024-03-28T15:14:51.800Z'),
  ('2e2fda5b-ac93-43f5-aaa1-5ed7a04a1ddf', 'fa7616ea-9dba-438d-bfde-7c3529bd1a0b', 'user16', 'EMP00016', '张一鸣', '2025-10-25T14:19:05.152Z', '2025-10-25T15:50:37.564Z', '5492', '192.168.1.92', '192.168.1.66', 'Mozilla/5.0 (Windows NT 10.0; Win64; x64)', 'mobile', 'Firefox', 'Windows 10', 'password', 'failed', TRUE, NULL, NULL, '2024-03-02T15:47:46.406Z'),
  ('2a3be4a0-8502-4138-89c5-07f069b3924c', 'e16c695c-d799-4e58-8b46-8ec748006c06', 'user19', 'EMP00019', '程维', '2024-09-06T06:16:41.218Z', '2024-09-06T12:39:19.757Z', '22958', '192.168.1.35', '192.168.1.247', 'Mozilla/5.0 (Windows NT 10.0; Win64; x64)', 'desktop', 'Edge', 'macOS', 'mac', 'failed', FALSE, 'mac_bound', NULL, '2024-02-12T08:16:31.385Z'),
  ('a2e6544a-dde1-4421-a7df-fe9811d283e1', 'aab46720-889b-4e9d-b965-c92c58bd5a32', 'user4', 'EMP00004', '赵六', '2025-04-30T14:31:27.623Z', '2025-04-30T17:29:27.000Z', '10679', '192.168.1.56', '192.168.1.12', 'Mozilla/5.0 (Windows NT 10.0; Win64; x64)', 'tablet', 'Firefox', 'Android', 'password', 'success', FALSE, 'ip_changed', NULL, '2024-01-14T05:01:15.713Z'),
  ('298dad51-fc9a-4959-b21c-64194c0b69d0', 'faaebc1c-7aed-43d6-b06f-9bc3e5a74ac9', 'user18', 'EMP00018', '宿华', '2024-02-07T00:08:14.873Z', '2024-02-07T03:56:14.735Z', '13679', '192.168.1.228', '192.168.1.3', 'Mozilla/5.0 (Windows NT 10.0; Win64; x64)', 'tablet', 'Edge', 'macOS', 'mac', 'success', TRUE, 'mac_bound', NULL, '2025-03-10T22:09:49.011Z'),
  ('9588f4d1-2b9f-4175-a94c-a63f10265255', '3a51a3d4-62dc-42e3-9bcb-8653a10e6fbd', 'user3', 'EMP00003', '王五', '2025-03-08T01:35:42.471Z', '2025-03-08T03:36:56.978Z', '7274', '192.168.1.121', '192.168.1.186', 'Mozilla/5.0 (Windows NT 10.0; Win64; x64)', 'desktop', 'Edge', 'macOS', 'mac', 'success', FALSE, 'mac_bound', NULL, '2024-03-31T14:51:25.376Z'),
  ('25530df4-51b7-4c71-bea0-cd4fab5d6bc5', '2cf5c567-76a2-485e-b129-e4d81f0a62cc', 'user8', 'EMP00008', '吴十', '2024-07-03T05:00:40.386Z', '2024-07-03T06:53:56.439Z', '6796', '192.168.1.253', '192.168.1.63', 'Mozilla/5.0 (Windows NT 10.0; Win64; x64)', 'tablet', 'Edge', 'Windows 10', 'mac', 'failed', TRUE, 'ip_changed', NULL, '2025-01-28T17:35:04.471Z'),
  ('b9ac02be-65bd-41fc-a7d7-e1a7c8d4e77b', '9068539f-c76c-4c50-9f9d-feeba3598d08', 'user9', 'EMP00009', '郑一', '2024-02-09T12:02:13.752Z', '2024-02-09T18:32:26.893Z', '23413', '192.168.1.239', '192.168.1.221', 'Mozilla/5.0 (Windows NT 10.0; Win64; x64)', 'mobile', 'Chrome', 'Linux', 'mac', 'success', TRUE, 'ip_changed', NULL, '2024-12-12T16:19:58.968Z'),
  ('7a3c4d07-5cf5-42fa-882c-6dae8104ce51', '57a0ece9-99f0-4bca-9cd2-e17f8b4f861e', 'user12', 'EMP00012', '雷军', '2024-08-17T20:16:29.669Z', '2024-08-18T01:51:49.562Z', '20119', '192.168.1.252', '192.168.1.112', 'Mozilla/5.0 (Windows NT 10.0; Win64; x64)', 'mobile', 'Safari', 'Windows 10', 'mac', 'failed', FALSE, NULL, NULL, '2024-06-14T10:34:21.848Z'),
  ('85096fd9-f21a-48e5-884a-e03b3fa9d4a8', 'a30946c4-4bff-4174-9c70-6641eeaf7676', 'user1', 'EMP00001', '张三', '2024-08-15T13:22:46.320Z', '2024-08-15T13:52:16.280Z', '1769', '192.168.1.17', '192.168.1.171', 'Mozilla/5.0 (Windows NT 10.0; Win64; x64)', 'desktop', 'Edge', 'Linux', 'password', 'success', FALSE, 'mac_bound', NULL, '2024-09-02T09:26:02.839Z'),
  ('ab3ffe24-bef9-4906-9585-a01809d657e0', 'a3913933-6b7b-4f84-96cd-2f79ea8fae17', 'user6', 'EMP00006', '孙八', '2025-03-30T16:42:59.082Z', '2025-03-30T20:33:34.249Z', '13835', '192.168.1.138', '192.168.1.191', 'Mozilla/5.0 (Windows NT 10.0; Win64; x64)', 'tablet', 'Edge', 'Linux', 'password', 'failed', FALSE, 'mac_bound', NULL, '2025-07-20T06:27:20.131Z'),
  ('1e00046e-7179-44b8-bcfe-e043688709f1', 'd820cb9c-1607-4859-b04e-d5671e7fd6fa', 'user7', 'EMP00007', '周九', '2025-09-27T12:28:33.004Z', '2025-09-27T16:00:43.847Z', '12730', '192.168.1.36', '192.168.1.193', 'Mozilla/5.0 (Windows NT 10.0; Win64; x64)', 'desktop', 'Edge', 'macOS', 'mac', 'success', TRUE, 'password_changed', NULL, '2024-07-14T13:39:20.456Z'),
  ('9fbd95c2-5323-408f-802c-19943bab78dd', 'faaebc1c-7aed-43d6-b06f-9bc3e5a74ac9', 'user18', 'EMP00018', '宿华', '2024-09-02T04:23:03.459Z', '2024-09-02T07:25:09.880Z', '10926', '192.168.1.168', '192.168.1.3', 'Mozilla/5.0 (Windows NT 10.0; Win64; x64)', 'tablet', 'Safari', 'iOS', 'password', 'success', FALSE, 'password_changed', NULL, '2024-01-30T14:12:35.426Z'),
  ('03c18414-76e7-4e69-880e-da2b8c7aafd6', '3a51a3d4-62dc-42e3-9bcb-8653a10e6fbd', 'user3', 'EMP00003', '王五', '2025-11-30T01:49:22.888Z', '2025-11-30T08:30:38.021Z', '24075', '192.168.1.251', '192.168.1.38', 'Mozilla/5.0 (Windows NT 10.0; Win64; x64)', 'mobile', 'Chrome', 'macOS', 'mac', 'success', TRUE, 'ip_changed', NULL, '2025-09-06T04:19:48.702Z'),
  ('7bc661e9-116e-4b50-b749-ff98ed4a8de9', '29c4b908-8198-4189-afbe-f47c0682f3ec', 'user11', 'EMP00011', '马云', '2024-03-02T15:36:23.098Z', '2024-03-02T21:17:07.463Z', '20444', '192.168.1.161', '192.168.1.70', 'Mozilla/5.0 (Windows NT 10.0; Win64; x64)', 'desktop', 'Chrome', 'Android', 'password', 'failed', FALSE, 'ip_changed', NULL, '2025-06-08T06:21:44.016Z'),
  ('9dcb501c-4a6f-4599-a589-cc786a833989', '9068539f-c76c-4c50-9f9d-feeba3598d08', 'user9', 'EMP00009', '郑一', '2024-04-21T19:56:58.702Z', '2024-04-21T23:34:56.436Z', '13077', '192.168.1.69', '192.168.1.7', 'Mozilla/5.0 (Windows NT 10.0; Win64; x64)', 'mobile', 'Chrome', 'Android', 'mac', 'success', FALSE, 'ip_changed', NULL, '2025-12-05T15:45:28.160Z'),
  ('6f10a6a0-7da1-423e-82b6-e6eb3dead648', '29c4b908-8198-4189-afbe-f47c0682f3ec', 'user11', 'EMP00011', '马云', '2025-07-17T04:40:37.823Z', '2025-07-17T09:50:25.004Z', '18587', '192.168.1.103', '192.168.1.202', 'Mozilla/5.0 (Windows NT 10.0; Win64; x64)', 'desktop', 'Safari', 'Android', 'password', 'failed', FALSE, 'password_changed', NULL, '2025-04-30T11:46:37.088Z'),
  ('ca21cf23-d5d5-4b53-8fba-90e04776743e', 'a30946c4-4bff-4174-9c70-6641eeaf7676', 'user1', 'EMP00001', '张三', '2024-10-11T03:00:08.690Z', '2024-10-11T06:18:05.933Z', '11877', '192.168.1.210', '192.168.1.28', 'Mozilla/5.0 (Windows NT 10.0; Win64; x64)', 'mobile', 'Firefox', 'Android', 'mac', 'success', TRUE, 'ip_changed', NULL, '2024-10-21T21:55:29.636Z'),
  ('e9b0a4fb-c583-493d-9ca0-f5e369ea9a45', '6d02896d-65e5-4212-914c-caed5b4204f3', 'user10', 'EMP00010', '王菲', '2024-12-21T16:46:37.279Z', '2024-12-21T21:35:10.851Z', '17313', '192.168.1.113', '192.168.1.173', 'Mozilla/5.0 (Windows NT 10.0; Win64; x64)', 'tablet', 'Safari', 'Android', 'mac', 'failed', FALSE, 'mac_bound', NULL, '2024-07-25T21:40:54.653Z'),
  ('e572876b-e178-4c32-ad4e-7d7cde2a8544', 'a30946c4-4bff-4174-9c70-6641eeaf7676', 'user1', 'EMP00001', '张三', '2025-10-25T05:45:44.347Z', '2025-10-25T08:19:55.359Z', '9251', '192.168.1.213', '192.168.1.152', 'Mozilla/5.0 (Windows NT 10.0; Win64; x64)', 'mobile', 'Chrome', 'Linux', 'password', 'failed', TRUE, 'mac_bound', NULL, '2025-11-05T05:46:23.207Z'),
  ('93177a4e-2357-4af0-b5d8-223011a325f0', '78b78618-506e-405d-b1f4-4f5bcf2a9fa3', 'user17', 'EMP00017', '黄峥', '2025-01-26T18:06:53.121Z', '2025-01-26T18:44:48.534Z', '2275', '192.168.1.201', '192.168.1.180', 'Mozilla/5.0 (Windows NT 10.0; Win64; x64)', 'mobile', 'Safari', 'iOS', 'password', 'success', FALSE, 'mac_bound', NULL, '2024-06-28T17:47:51.034Z'),
  ('378cd8cd-4452-4ca9-8653-9287d06890ff', '57a0ece9-99f0-4bca-9cd2-e17f8b4f861e', 'user12', 'EMP00012', '雷军', '2024-01-24T17:42:02.148Z', '2024-01-24T18:39:23.002Z', '3440', '192.168.1.159', '192.168.1.151', 'Mozilla/5.0 (Windows NT 10.0; Win64; x64)', 'mobile', 'Firefox', 'macOS', 'password', 'failed', TRUE, 'mac_bound', NULL, '2024-08-21T05:12:49.849Z'),
  ('c5d729de-dec5-4e9c-9847-436009e614cb', '78b78618-506e-405d-b1f4-4f5bcf2a9fa3', 'user17', 'EMP00017', '黄峥', '2025-06-04T06:02:49.919Z', '2025-06-04T09:01:55.952Z', '10746', '192.168.1.127', '192.168.1.209', 'Mozilla/5.0 (Windows NT 10.0; Win64; x64)', 'mobile', 'Firefox', 'Linux', 'password', 'success', FALSE, 'ip_changed', NULL, '2024-11-17T02:59:27.542Z'),
  ('dd55668e-f046-4880-ac2f-1d0dc51f74a8', '2cf5c567-76a2-485e-b129-e4d81f0a62cc', 'user8', 'EMP00008', '吴十', '2025-04-28T02:32:30.015Z', '2025-04-28T03:01:58.668Z', '1768', '192.168.1.189', '192.168.1.201', 'Mozilla/5.0 (Windows NT 10.0; Win64; x64)', 'desktop', 'Chrome', 'macOS', 'password', 'failed', FALSE, NULL, NULL, '2024-07-03T06:42:58.843Z'),
  ('aee29e5c-9936-4aa2-843b-7312764740ba', '34c1d54c-beab-46cd-8dc1-2cbc32eb8c60', 'user20', 'EMP00020', '王小川', '2025-12-05T12:21:55.681Z', '2025-12-05T12:40:15.151Z', '1099', '192.168.1.134', '192.168.1.163', 'Mozilla/5.0 (Windows NT 10.0; Win64; x64)', 'mobile', 'Firefox', 'Android', 'mac', 'failed', FALSE, 'ip_changed', NULL, '2024-07-17T10:09:45.964Z'),
  ('1bbfb44c-92a4-4b2f-abfa-66df0a1d4a71', '34c1d54c-beab-46cd-8dc1-2cbc32eb8c60', 'user20', 'EMP00020', '王小川', '2025-09-06T08:48:24.241Z', '2025-09-06T11:55:24.317Z', '11220', '192.168.1.251', '192.168.1.101', 'Mozilla/5.0 (Windows NT 10.0; Win64; x64)', 'desktop', 'Edge', 'macOS', 'password', 'failed', FALSE, NULL, NULL, '2025-08-10T20:42:50.048Z'),
  ('b926e2cb-5246-4d05-a648-0f26550b3179', 'a30946c4-4bff-4174-9c70-6641eeaf7676', 'user1', 'EMP00001', '张三', '2025-09-14T16:13:59.235Z', '2025-09-14T19:51:05.918Z', '13026', '192.168.1.178', '192.168.1.247', 'Mozilla/5.0 (Windows NT 10.0; Win64; x64)', 'mobile', 'Chrome', 'Windows 10', 'password', 'failed', TRUE, 'password_changed', NULL, '2024-07-28T21:13:40.691Z'),
  ('a1f54d66-a746-45d9-8b3d-98088d094f03', 'dc6a3f91-a503-4d0d-87e8-c384f6cd25be', 'user14', 'EMP00014', '李彦宏', '2025-04-30T17:50:10.493Z', '2025-04-30T18:04:58.023Z', '887', '192.168.1.107', '192.168.1.123', 'Mozilla/5.0 (Windows NT 10.0; Win64; x64)', 'desktop', 'Edge', 'macOS', 'mac', 'failed', FALSE, 'mac_bound', NULL, '2024-01-26T07:16:18.049Z'),
  ('58feea7e-38e1-4840-92fe-ca9bb71962be', 'e16c695c-d799-4e58-8b46-8ec748006c06', 'user19', 'EMP00019', '程维', '2024-09-30T11:22:13.100Z', '2024-09-30T11:42:25.927Z', '1212', '192.168.1.212', '192.168.1.94', 'Mozilla/5.0 (Windows NT 10.0; Win64; x64)', 'tablet', 'Chrome', 'Windows 10', 'mac', 'failed', TRUE, 'ip_changed', NULL, '2025-01-16T16:49:42.121Z'),
  ('a5e0d80c-c714-4d88-a3ec-7054f5627ed5', 'e16c695c-d799-4e58-8b46-8ec748006c06', 'user19', 'EMP00019', '程维', '2025-02-20T05:27:45.662Z', '2025-02-20T08:18:13.827Z', '10228', '192.168.1.89', '192.168.1.25', 'Mozilla/5.0 (Windows NT 10.0; Win64; x64)', 'mobile', 'Safari', 'macOS', 'password', 'failed', FALSE, 'ip_changed', NULL, '2025-05-19T23:40:23.410Z'),
  ('6dc196f6-66a7-4e23-8083-dd49fbd2e05f', 'df3fe545-cb97-4680-8b18-d1655b900af2', 'user5', 'EMP00005', '钱七', '2024-09-28T02:18:18.905Z', '2024-09-28T07:27:01.554Z', '18522', '192.168.1.230', '192.168.1.128', 'Mozilla/5.0 (Windows NT 10.0; Win64; x64)', 'desktop', 'Edge', 'Linux', 'mac', 'success', FALSE, NULL, NULL, '2025-04-27T02:19:09.140Z'),
  ('7b9268a8-e72c-482c-b812-6ba796d838b3', '6aebb53a-614e-4341-9282-17f21abac93b', 'user2', 'EMP00002', '李四', '2024-06-13T04:17:05.736Z', '2024-06-13T11:03:57.569Z', '24411', '192.168.1.61', '192.168.1.69', 'Mozilla/5.0 (Windows NT 10.0; Win64; x64)', 'mobile', 'Safari', 'iOS', 'password', 'success', FALSE, NULL, NULL, '2024-08-11T12:10:39.151Z'),
  ('3c8df334-c18c-4ff9-bd44-95c980662d32', '7738499f-1437-4c6d-9122-5e8b97c66fdf', 'user13', 'EMP00013', '马化腾', '2025-05-21T19:18:15.910Z', '2025-05-21T22:40:42.420Z', '12146', '192.168.1.21', '192.168.1.32', 'Mozilla/5.0 (Windows NT 10.0; Win64; x64)', 'tablet', 'Safari', 'Android', 'password', 'success', FALSE, NULL, NULL, '2025-10-04T03:48:40.035Z'),
  ('41a9ebf7-21dd-4983-8afb-429feacaa64d', '2cf5c567-76a2-485e-b129-e4d81f0a62cc', 'user8', 'EMP00008', '吴十', '2024-02-25T15:58:09.719Z', '2024-02-25T16:26:23.912Z', '1694', '192.168.1.162', '192.168.1.88', 'Mozilla/5.0 (Windows NT 10.0; Win64; x64)', 'mobile', 'Chrome', 'Android', 'mac', 'success', FALSE, 'mac_bound', NULL, '2025-06-18T16:13:16.979Z'),
  ('23fc0908-d971-4e8f-b0ae-d3266d03fa5e', 'fa7616ea-9dba-438d-bfde-7c3529bd1a0b', 'user16', 'EMP00016', '张一鸣', '2024-08-12T12:30:26.878Z', '2024-08-12T19:17:43.700Z', '24436', '192.168.1.86', '192.168.1.195', 'Mozilla/5.0 (Windows NT 10.0; Win64; x64)', 'tablet', 'Chrome', 'macOS', 'password', 'success', FALSE, 'ip_changed', NULL, '2024-11-27T10:13:36.443Z')
ON CONFLICT (id) DO NOTHING;

INSERT INTO "asset_files" ("id", "project_id", "file_name", "file_key", "file_size", "file_type", "file_path", "description", "uploaded_by", "created_at", "updated_at") VALUES
  ('55b41f98-cd0c-44f2-a23b-5303e9ec7d1e', 'fa15107e-9395-432f-9b50-c4ddd9eb45ba', '部署指南.pdf-1', 'files/PRJ00017/file1', '8073571', 'image/png', '/uploads/PRJ00005/file1', '文件描述1', '2cf5c567-76a2-485e-b129-e4d81f0a62cc', '2024-06-16T02:36:13.726Z', '2025-09-22T01:24:26.966Z'),
  ('dedd4018-64cd-4480-a082-0eaf12e64ed5', '67f76fca-c203-410c-b7d5-3b29ce59341c', '设计文档.pdf-2', 'files/PRJ00018/file2', '1535004', 'application/zip', '/uploads/PRJ00019/file2', '文件描述2', '3a51a3d4-62dc-42e3-9bcb-8653a10e6fbd', '2024-03-19T23:42:39.857Z', '2024-07-01T04:01:19.965Z'),
  ('fa7ea8ed-28d7-4db1-a901-2880bb3b73d9', 'a3a44322-ae66-4a92-a375-7e797d4593e8', '设计文档.pdf-3', 'files/PRJ00013/file3', '2492491', 'application/pdf', '/uploads/PRJ00016/file3', '文件描述3', 'a30946c4-4bff-4174-9c70-6641eeaf7676', '2024-11-25T02:56:15.233Z', '2025-03-26T12:34:16.964Z'),
  ('2059330c-2763-4b71-9f27-ea96843c4ed6', '2504310f-9d7c-4e0d-8fbe-cfacf0a1c8db', '项目计划.xlsx-4', 'files/PRJ00003/file4', '5097423', 'application/zip', '/uploads/PRJ00017/file4', '文件描述4', 'df3fe545-cb97-4680-8b18-d1655b900af2', '2024-09-21T15:22:13.215Z', '2025-06-09T20:00:59.121Z'),
  ('769a1331-025d-45e8-bd63-9ff24659795f', 'abd88139-c278-44e8-8ef2-558f6062bdf5', '需求文档.pdf-5', 'files/PRJ00017/file5', '6633042', 'application/zip', '/uploads/PRJ00020/file5', '文件描述5', 'e16c695c-d799-4e58-8b46-8ec748006c06', '2025-02-26T03:21:05.003Z', '2024-10-15T11:44:37.111Z'),
  ('c18e2fd5-0e5b-4844-bcf5-c894dadcd5fc', 'e1abed47-2393-4529-aec1-c83370baec4f', '项目计划.xlsx-6', 'files/PRJ00020/file6', '4843407', 'image/png', '/uploads/PRJ00008/file6', '文件描述6', '7bfe98fe-4c99-46d9-a347-1da2ec69a19b', '2025-05-24T08:15:00.796Z', '2025-08-23T03:26:04.948Z'),
  ('c78ff37c-9f8f-43e6-8170-fcc10cfe7cac', 'd2a1e196-968d-4ae8-867c-532fd21c9140', '测试报告.pdf-7', 'files/PRJ00012/file7', '3131351', 'image/png', '/uploads/PRJ00015/file7', '文件描述7', '6d02896d-65e5-4212-914c-caed5b4204f3', '2024-10-22T03:55:03.256Z', '2025-09-20T08:28:35.884Z'),
  ('2736f02a-b4cf-460e-8553-75b623f2fdad', '30ad535f-ae9a-4eb9-a20c-b45ca76b661d', '用户手册.pdf-8', 'files/PRJ00002/file8', '5537629', 'image/png', '/uploads/PRJ00002/file8', '文件描述8', '78b78618-506e-405d-b1f4-4f5bcf2a9fa3', '2024-03-26T16:12:19.126Z', '2025-12-22T16:57:42.961Z'),
  ('310e048f-ccfd-460d-91df-4fcdffca5bcb', 'e1abed47-2393-4529-aec1-c83370baec4f', '需求文档.pdf-9', 'files/PRJ00002/file9', '3622311', 'image/png', '/uploads/PRJ00012/file9', '文件描述9', '34c1d54c-beab-46cd-8dc1-2cbc32eb8c60', '2024-05-14T00:57:28.540Z', '2025-09-18T10:29:44.518Z'),
  ('67b8d732-7ba2-46da-9978-58cdc1685cb2', '5206785f-57e6-4876-a67f-a487ae8c43b5', '测试报告.pdf-10', 'files/PRJ00016/file10', '7077977', 'application/zip', '/uploads/PRJ00012/file10', '文件描述10', '57a0ece9-99f0-4bca-9cd2-e17f8b4f861e', '2024-05-22T13:00:31.037Z', '2025-04-06T07:12:54.314Z'),
  ('4351c705-1fe2-4f77-bb66-df35ac8496ff', 'abd88139-c278-44e8-8ef2-558f6062bdf5', '需求文档.pdf-11', 'files/PRJ00020/file11', '7210065', 'application/zip', '/uploads/PRJ00003/file11', '文件描述11', 'dc6a3f91-a503-4d0d-87e8-c384f6cd25be', '2024-11-21T03:34:58.650Z', '2024-06-13T22:38:35.136Z'),
  ('350dc1d8-b726-4aff-ba60-cbd558d7e8cc', '5206785f-57e6-4876-a67f-a487ae8c43b5', '需求文档.pdf-12', 'files/PRJ00007/file12', '625468', 'application/zip', '/uploads/PRJ00005/file12', '文件描述12', 'e16c695c-d799-4e58-8b46-8ec748006c06', '2024-11-14T15:11:47.783Z', '2025-05-02T05:18:05.557Z'),
  ('402b10ea-0db4-4838-9bd7-906fa6066ef4', 'e7219390-af57-418f-bc5d-6d817d093e6d', '验收报告.pdf-13', 'files/PRJ00010/file13', '7908787', 'application/pdf', '/uploads/PRJ00001/file13', '文件描述13', 'aab46720-889b-4e9d-b965-c92c58bd5a32', '2025-01-18T12:54:20.347Z', '2025-05-12T03:26:45.017Z'),
  ('f8aa4aa6-c30b-48e7-b361-a7abb358bb9f', 'd2a1e196-968d-4ae8-867c-532fd21c9140', '会议纪要.docx-14', 'files/PRJ00019/file14', '2317322', 'application/pdf', '/uploads/PRJ00019/file14', '文件描述14', 'e16c695c-d799-4e58-8b46-8ec748006c06', '2024-08-07T18:40:39.484Z', '2024-11-12T04:19:21.839Z'),
  ('80c652cb-efad-4158-b0ae-1ad4ef19bdc9', 'ed6aa622-525f-48c9-8880-9f3f658b9865', '项目计划.xlsx-15', 'files/PRJ00019/file15', '8309654', 'application/pdf', '/uploads/PRJ00019/file15', '文件描述15', 'd820cb9c-1607-4859-b04e-d5671e7fd6fa', '2024-07-29T05:52:21.104Z', '2025-10-22T09:51:43.873Z'),
  ('22b2bd62-98f2-48ef-a6ad-95807efe4add', 'a3a44322-ae66-4a92-a375-7e797d4593e8', '需求文档.pdf-16', 'files/PRJ00001/file16', '84701', 'application/pdf', '/uploads/PRJ00017/file16', '文件描述16', '57a0ece9-99f0-4bca-9cd2-e17f8b4f861e', '2025-05-27T11:18:27.711Z', '2025-10-02T15:07:28.936Z'),
  ('829d8a20-acfa-4439-b7f2-95dcd500332f', 'fe1be1ec-e5c5-4e73-a2d1-ddca62ba2bdd', '验收报告.pdf-17', 'files/PRJ00017/file17', '8519142', 'image/png', '/uploads/PRJ00012/file17', '文件描述17', 'aab46720-889b-4e9d-b965-c92c58bd5a32', '2025-09-30T08:05:18.910Z', '2025-11-19T21:40:31.674Z'),
  ('65cdac79-156c-4df3-9d00-c82c54f6f6bc', '32f8ea7d-151b-4a64-af36-71d211748b88', '项目计划.xlsx-18', 'files/PRJ00010/file18', '688037', 'image/png', '/uploads/PRJ00006/file18', '文件描述18', 'a3913933-6b7b-4f84-96cd-2f79ea8fae17', '2025-10-18T18:10:57.928Z', '2024-02-08T11:19:07.361Z'),
  ('79ee4e71-f119-4133-8afb-b43687e1ccf0', '25cdfe74-b4b2-4cfe-bd08-29cffda082c4', '部署指南.pdf-19', 'files/PRJ00016/file19', '2101439', 'application/zip', '/uploads/PRJ00003/file19', '文件描述19', 'dc6a3f91-a503-4d0d-87e8-c384f6cd25be', '2024-02-11T07:25:33.056Z', '2024-03-28T06:04:51.104Z'),
  ('9a30d0e6-43ef-48c3-b7ff-59954d34f4e1', '30ad535f-ae9a-4eb9-a20c-b45ca76b661d', '项目计划.xlsx-20', 'files/PRJ00001/file20', '8365764', 'image/png', '/uploads/PRJ00016/file20', '文件描述20', '6d02896d-65e5-4212-914c-caed5b4204f3', '2024-08-19T00:59:43.198Z', '2025-05-03T09:12:19.165Z')
ON CONFLICT (id) DO NOTHING;

COMMIT;
